external_id,onestop_id,entity,name,related
00001,o-c23-metrotransit,operator,King County Metro,f-c23-metrokingcounty;f-kingcountymetro~rt
00002,o-c2kx-spokanetransitauthority,operator,Spokane Transit Authority,f-c2kx-spokanetransitauthority;f-spokanetransitauthority~rt
00003,o-c22u-piercetransit,operator,Pierce Transit,f-c22-piercetransit~soundtransit;f-piercetransit~rt
00005,o-c290-everetttransit,operator,Everett Transit,f-c290-everetttransit;f-everetttransit~rt
00006,o-c26-yakimatransit,operator,Yakima Transit,f-c26-yakimatransit;f-c26-yakimatransit~rt
00007,o-9pzdp-rhodyexpress,operator,Rhody Express,f-9pzdp-rhodyexpress~or~us
00007,o-9rb-diamondexpress,operator,Diamond Express,f-9rb-diamondexpress~or~us;f-utel~uiuc~intercity~bus
00007,o-9rb-lanetransitdistrict,operator,Lane Transit District,f-9rb-lanetransitdistrict;f-ltd~rt
00008,o-c20-trimet,operator,Tri-County Metropolitan Transportation District of Oregon,f-c20-trimet;f-trimet~rt
00008,o-c20fb-portlandstreetcar,operator,Portland Streetcar,f-c20-trimet
00008,o-c20fb6-portlandaerialtram,operator,Portland Aerial Tram,f-c20-trimet
00010,o-9r9-quailtrail,operator,Quail Trail Public Transit,f-quailtrail~or~us
00011,o-9rv2-valleyride,operator,Valley Regional Transit,f-9rv2-valleyride;f-valleyride~rt
00012,o-bdvk-anchoragepeoplemover,operator,Anchorage People Mover,f-bdvk-anchoragepeoplemover;f-peoplemover~rt
00014,o-bfpu-theride,operator,RIDE Sitka,f-bfpu-theride
00015,o-snoqualmie~wa~us,operator,Snoqualmie Valley Transportation,f-snoqualmie~wa~us
00016,o-c20w-rivercitiestransit,operator,RiverCities Transit,f-c20w-rivercitiestransit~wa~us
00018,o-c25p-benfranklintransit,operator,Ben Franklin Transit,f-c25p-benfranklintransit;f-c25p-benfranklintransit~rt
00019,o-c22e-intercitytransit,operator,Intercity Transit,f-c22e-intercitytransit;f-intercitytransit~rt
00020,o-c22y-kitsaptransit,operator,Kitsap Transit,f-c22y-kitsaptransit;f-c22y-kitsaptransit~rt
00021,o-c28-whatcomtransportationauthority,operator,Whatcom Transportation Authority,f-c28-whatcomtransportationauthority;f-whatcomtransportationauthority~rt
00022,o-9x8-pocatelloregionaltransit,operator,Pocatello Regional Transit,f-9x8-pocatelloregionaltransit
00023,o-c23nb-cityofseattle,operator,City of Seattle,f-c23-metrokingcounty;f-kingcountymetro~rt
00023,o-seattlemonorail~wa~us,operator,Seattle Center Monorail,f-seattlemonorail~wa~us
00024,o-c20g-c~tran,operator,Clark County Public Transportation Benefit Area,f-c20g-c~tran;f-c20g-c~tran~flex;f-c20g-c~tran~rt
00025,o-9rb-cherriots,operator,Cherriots,f-9rb-cherriots;f-9rb-cherriots~rt
00028,o-c22u3-piercecountyferries,operator,Pierce County Ferries,f-piercecountyferries~wa~us;f-piercecountyferries~wa~us~rt
00029,o-c29-communitytransit,operator,Community Transit,f-c29-communitytransit;f-c29-communitytransit~rt
00033,o-homage~wa~us~flex,operator,Senior Services of Snohomish County,f-homage~wa~us
00034,o-9r88-rogue~valley~transportation~district,operator,Rogue Valley Transportation District,f-9r88-rogue~valley~transportation~district;f-rogue~valley~transportation~district~rt
00035,o-c28-washingtonstateferries,operator,Washington State Ferries,f-c28-washingtonstateferries;f-wsf~rt
00036,o-makah~tribal~council,operator,Makah Tribal Council,f-makah
00040,o-c23-soundtransit,operator,Sound Transit,f-c22-piercetransit~soundtransit;f-c23-metrokingcounty;f-c23-soundtransit;f-c29-communitytransit;f-soundtransit~rt
00041,o-alaska~railroad~corporation,operator,Alaska Railroad,f-alaska~railroad~corporation
00043,o-c26-linktransit,operator,Chelan-Douglas PTBA,f-c26-linktransit~wa~us;f-c26-linktransit~wa~us~rt
00044,o-skagit~wa~us,operator,Skagit Transit,f-skagit~wa~us;f-skagit~wa~us~rt
00045,o-bew-fairbanksnorthstarborough~macstransit,operator,Fairbanks North Star Borough Department of Transportation,f-bew-fairbanksnorthstarborough~macstransit
00046,o-c20-wilsonville~or~us,operator,South Metro Area Regional Transit,f-c20-wilsonville~or~us;f-southmetroarearegionaltransit~rt
00047,o-9rbm-corvallistransitsystem,operator,Corvallis Transit System,f-9rbm-corvallis~or~us;f-corvallis~or~rt
00048,o-c2hzc-lewistontransitsystem,operator,Lewiston Transit System,f-asotincounty~wa~us
00051,o-asotincounty~wa~us,operator,Asotin County PTBA,f-asotincounty~wa~us
00053,o-kootenai~citylink,operator,Kootenai Citylink,f-kootenai~citylink;f-kootenai~citylink~rt;f-kootenai~citylink~rural
00055,o-kootenai~citylink,operator,Kootenai Citylink,f-kootenai~citylink;f-kootenai~citylink~rt;f-kootenai~citylink~rural
00057,o-9rc-cascadeseasttransit,operator,Cascades East Transit,f-9rc-cascadeseast~or~us;f-9rc-cascadeseast~or~us~rt
00059,o-9r8-josephinecommunitytransit,operator,Josephine Community Transit,f-9r8-josephinecounty~or~us
00061,o-9rbmy-albanytransitsystem,operator,Albany Transit System,f-9rbm-albanytransit~or~us;f-9rbmy-albanytransitsystem~rt
00064,o-c25y-valleytransit,operator,Valley Transit,f-c25y-valleytransit;f-c25y-valleytransit~rt
00065,o-9rb-bentoncountytransportation,operator,Benton Area Transit,f-9rb-benton~or~us;f-9rb-benton~or~us~alerts;f-benton~or~us~flex
00085,o-gulkanavillagecouncil~ak~us,operator,Gulkana Village Council,f-gulkanavillagecouncil~ak~us
00103,o-squaxinisland~wa~us,operator,Squaxin Island Transit,f-squaxinisland~wa~us
00119,o-c25-kayakpublictransit,operator,Kayak Public Transit,f-c25-ctuir~or~us
00135,o-nezpercetribe~id~us,operator,Nez Perce Tribe,f-nezpercetribe~id~us
00199,o-seldovia~village~tribe,operator,Seldovia Bay Ferry,f-seldovia~village~tribe
00207,o-spokanetribe~wa~us,operator,Spokane Tribe of Indians,f-spokanetribe~wa~us
00282,o-garfieldcounty~wa~us,operator,Garfield County Transportation Authority,f-garfieldcounty~wa~us
00285,o-thurston~wa~us,operator,ruralTRANSIT,f-thurston~wa~us
00287,o-c24-peopleforpeople,operator,People for People,f-c24-peopleforpeople
00294,o-c2k9v-pullmantransit,operator,Pullman Transit,f-pullman~transit~wa~us;f-pullman~transit~wa~us~rt
00296,o-c0p-tillamookcountytransportationdistrict,operator,Tillamook County Transportation District,f-c20-tillamook~or~us;f-c20-tillamook~or~us~rt~alerts;f-tillamookcounty~or~us~flex
00298,o-c28-islandtransit,operator,Island Transit,f-c28-islandtransit;f-c28-islandtransit~rt
00299,o-mountadams~wa~us,operator,Mount Adams Transportation System,f-mountadams~wa~us
00301,o-c20c-southclackamastransportationdistrict,operator,South Clackamas Transportation District,f-c20c-sctd~or~us
00303,o-c28-clallamtransitsystem,operator,Clallam Transit System,f-c28-clallamtransitsystem
00307,o-9px-cooscountyareatransit,operator,Coos County Area Transit,f-9px-cooscounty~or~us
00308,o-9px-currypublictransit,operator,Curry Public Transit,f-9px-currypublictransit
00309,o-granttransit~wa~us,operator,Grant Transit Authority,f-granttransit~wa~us
00310,o-9pz-lincolncountytransit,operator,Lincoln County Transit,f-9pz-lincolncounty~or~us;f-9pz-lincolncounty~or~us~rt~alerts;f-lincolncounty~or~us~flex
00311,o-9ry8-mountainridestransportationauthoritymrta,operator,Mountain Rides Transportation Authority,f-9ry8-mountainridestransportationauthoritymrta
00312,o-hopesource~wa~us,operator,HopeSource,f-hopesource~wa~us
00313,o-9r-peoplemover,operator,People Mover,f-9r-peoplemover~or~us
00314,o-c22-graysharbortransit,operator,Grays Harbor Transit,f-c22-graysharbortransit
00315,o-c22-masontransitauthority,operator,Mason Transit Authority,f-c22-mason~wa~us
00316,o-c28-jeffersontransitauthority,operator,Jefferson Transit Authority,f-c28-jeffersontransitauthority
00317,o-snoqualmie~wa~us,operator,Snoqualmie Valley Transportation,f-snoqualmie~wa~us
00319,o-c21-columbiaareatransit,operator,Columbia Area Transit,f-c21-hoodriver~or~us
00321,o-c20-yamhillcountytransitarea,operator,Yamhill County Transit Area,f-c20-yamhillcounty~or~us;f-c20-yamhillcounty~or~us~rt
00322,o-c0r-pacifictransit,operator,Pacific Transit,f-c0r-pacifictransit
00323,o-9ruf-malheurcouncilonaging~communityservices,operator,Malheur Council on Aging & Community Services,f-9ruf-mcacs~or~us
00326,o-9rc-centraloregonbreeze,operator,Central Oregon Breeze,f-9rc-cobreeze~or~us;f-utel~uiuc~intercity~bus
00327,o-valleytransit~ak~us,operator,Valley Transit,f-valleytransit~ak~us
00330,o-c209-canbyareatransit,operator,Canby Area Transit,f-c209-canbytransit~or~us
00331,o-c0p-sunsetempiretransportationdistrict,operator,Sunset Empire Transportation District,f-c0p-sunsetempiretransportationdistrict;f-clatsopcounty~or~us~flex;f-sunsetempiretransportationdistrict~rt
00332,o-okanogan~county~transportation~nutrition,operator,Okanogan County Transportation & Nutrition,f-octn~wa~us
00336,o-c215-skamaniacountypublictransitgorgewetbus,operator,Skamania County Transit,f-c215-gorgewet~wa~us
00339,o-9r92-basintransitservice,operator,Basin Transit Service,f-9r92-basin~or~us
00341,o-selkirks~pend~oreille~transit~authority,operator,Selkirks-Pend Oreille Transit Authority,f-selkirks~pend~oreille~transit~authority;f-selkirks~pend~oreille~transit~authority~rt
00343,o-c2h-northeastoregonpublictransit,operator,Northeast Oregon Public Transit,f-c2h-northeast~or~us
00345,o-glacier~valley,operator,Glacier Valley Transit,f-glacier~valley
00347,o-regional~public~transportation~inc,operator,"Regional Public Transportation, Inc.",f-regional~public~transportation~inc;f-regional~public~transportation~inc~rt
00348,o-9rbs-linnshuttle,operator,Linn Shuttle,f-9rbs-linnshuttle~or~us
00358,o-c1f6-ak~thebus~ketchikangatewayborough,operator,The Bus,f-c1f6-thebus~ketchikangatewayborough~airportferry
00359,o-pendleton~or~us,operator,Let'er Bus,f-pendleton~or~us
00360,o-c208u-woodburntransit,operator,Woodburn Transit,f-c208u-woodburn~or~us
00363,o-clackamascounty~or~us,operator,Clackamas County Connects Shuttle,f-clackamascounty~or~us;f-clackamascounty~or~us~flex;f-clackamascounty~or~us~rt
00364,o-twintransit~wa~us,operator,Twin Transit,f-twintransit~wa~us
00371,o-c20-wahkiakumonthemove,operator,Wahkiakum on the Move,f-c20-wotm~wa~us
00373,o-treasure~valley~transit~id~us,operator,Treasure Valley Transit,f-treasure~valley~transit~id~us
00374,o-harneycounty,operator,Harney County,f-harneycounty
00375,o-c20-columbiacountyrider,operator,Columbia County Rider,f-c20-columbiacountyrider;f-columbiacounty~or~us~flex
00376,o-c20d-rideconnection,operator,Ride Connection,f-c20d-rideconnection~or~us;f-rideconnection~or~us~flex
00382,o-c1f-inter~islandferryauthority,operator,Inter-Island Ferry Authority,f-c1f-interisland~ak~us
00387,o-cityofbethel~ak~us,operator,City of Bethel,f-cityofbethel~ak~us
00389,o-c214-sandyareametro,operator,Sandy Area Metro,f-c214-sandy~or~us;f-c214-sandy~or~us~rt;f-sandy~or~us~flex
00391,o-c427-capitaltransit,operator,Capital Transit,f-c427-cityandboroughofjuneau~ak~us;f-cityandboroughofjuneau~rt
00396,o-c21-mcedd,operator,Mid-Columbia Economic Development District,f-mcedd~or~us
00400,o-gwichyaazheetribaltransitservice~ak~us,operator,Gwichyaa Zhee Tribal Transit Service,f-gwichyaazheetribaltransitservice~ak~us
00401,o-lower~elwha~klallam~tribe,operator,Lower Elwha Klallam Tribe,f-elwhatransit~wa~us
00404,o-shoshone~county,operator,Shoshone County,f-shoshone~county
00405,o-okanogan~county~transit~authority,operator,Okanogan County Transit Authority,f-okanogan~county~transportation~nutrition
00407,o-muckleshoottransit,operator,Muckleshoot Tribal Transit,f-muckleshoot~wa~us
00409,o-morrowcounty,operator,Morrow County Public Transit,f-morrowcounty~or~us
00414,o-ninilchikvillage~ak~us,operator,Ninilchik Village,f-ninilchikvillage~ak~us
00416,o-boisestateuniversity~id~us,operator,Boise State University,f-boisestateuniversity~id~us
00459,o-9r8m-u~trans,operator,U-Trans,f-9r8m-umpquatransit~or~us
00460,o-craigtribalassociation~ak~us,operator,Craig Tribal Association,f-craigtribalassociation~ak~us
00464,o-lcog~linklane,operator,Link Lane,f-lcog~linklane
10001,o-drm-rhodeislandpublictransitauthority,operator,Rhode Island Public Transit Authority,f-drm-rhodeislandpublictransitauthority;f-ripta~rt
10002,o-manchester~transit~authority,operator,Manchester Transit Authority,f-manchester~transit~authority
10003,o-drt-mbta,operator,Massachusetts Bay Transportation Authority,f-drt-mbta;f-mbta~rt
10004,o-drmr-brocktonareatransitauthority,operator,Brockton Area Transit Authority,f-brockton~ma~us~rt;f-drmr-brockton~ma~us
10005,o-drt6-lowellregionaltransitauthority,operator,Lowell Regional Transit Authority,f-drt6-lowellregionaltransitauthority;f-drt6-lowellregionaltransitauthority~rt
10006,o-drmm-southeasternregionaltransitauthority,operator,Southeastern Regional Transit Authority,f-drmm-southeasternregionaltransitauthority
10007,o-dre-berkshiremetroaltransitauthority,operator,Berkshire Regional Transit Authority,f-dre-berkshire~ma~us
10008,o-drk-pvta,operator,Pioneer Valley Transit Authority,f-drk-pvta;f-drk-pvta~rt
10013,o-drt7-merrimackvalleymetroaltransitauthority,operator,Merrimack Valley Regional Transit Authority,f-drt7-merrimackvalley~ma~us;f-merrimackvalley~rt
10014,o-drsb-wrta,operator,Worcester Regional Transit Authority,f-drsb-wrta;f-drsb-wrta~rt
10015,o-lewiston~me~us,operator,Lewiston-Auburn Transit Committee,f-lewiston~me~us
10016,o-dry0-maine~greaterportlandmetrobus,operator,Greater Portland Metro Bus,f-dry0-maine~greaterportlandmetrobus;f-dry0-maine~greaterportlandmetrobus~rt
10040,o-drkg-southeastareatransitdistrict,operator,Southeast Area Transit District,f-drkg-seatbus~ct~us
10048,o-cttransit,operator,Connecticut Department of Transportation (ConnDOT),f-cttransit~hartford~line;f-cttransit~rt;f-drk-cttransit~hartford
10050,o-dr7f-greaterbridgeporttransit,operator,Greater Bridgeport Transit,f-dr7f-greaterbridgeporttransit
10051,o-hartransit~ct~us,operator,Housatonic Area Regional Transit,f-hartransit~ct~us;f-hartransit~ct~us~rt
10053,o-drtd-capeanntransportation,operator,Cape Ann Transportation Authority,f-drtd-capeann~ma~us
10057,o-dr7cc-norwalktransit,operator,Norwalk Transit District,f-dr7cc-norwalktransit;f-dr7cc-norwalktransit~rt
10061,o-drsf-montachusettmetroaltransitauthority,operator,Montachusett Regional Transit Authority,f-drsf-montachusett~ma~us;f-drsf-montachusett~ma~us~rt
10064,o-drm-thegreaterattleborotauntonregionaltransitauthority,operator,Greater Attleboro Taunton Regional Transit Authority,f-drm-thegreaterattleborotauntonregionaltransitauthority;f-drm-thegreaterattleborotauntonregionaltransitauthority~rt
10066,o-dru-greenmountaintransitagency,operator,Green Mountain Transit,f-chittendoncounty~rt;f-dru-chittendoncounty~vt~us
10086,o-cooperative~alliance~for~seacoast~transportation,operator,Cooperative Alliance For Seacoast Transportation,f-cooperative~alliance~for~seacoast~transportation;f-cooperative~alliance~for~seacoast~transportation~rt
10087,o-nashua~transit~system,operator,Nashua Transit System,f-nashua~transit~system
10088,o-dry0-maine~cascobayislandtransitdistrict,operator,Casco Bay Island Transit District,f-dry0-cascobayislandtransitdistrict
10096,o-bangor~me~us,operator,Bangor Community Connector,f-bangor~me~us;f-bangor~me~us~rt
10098,o-western~maine~transportation,operator,Western Maine Transportation Services,f-western~maine~transportation
10102,o-drk-shorelineeast,operator,Shore Line East,f-9-amtrak~amtrakcalifornia~amtrakcharteredvehicle
10105,o-drq-capecodregionaltransitauthorityccrta,operator,Cape Cod Regional Transit Authority,f-drq-capecodregionaltransitauthorityccrta;f-drt-mbta
10107,o-milford~transit~district,operator,Milford Transit District,f-milford~transit~district
10114,o-biddeford~saco~old~orchard~beach,operator,Biddeford Saco Old Orchard Beach Transit,f-biddeford~saco~old~orchard~beach
10118,o-drt0-metrowestregionaltransitauthority,operator,MetroWest Regional Transit Authority,f-drt0-metrowestregionaltransitauthority
10119,o-drtt-universityofnewhampshire,operator,University of New Hampshire,f-unh~nh~us
10122,o-jalbertleasinginc~nh~us,operator,"Jalbert Leasing, Inc.",f-jalbertleasinginc~nh~us
10131,o-northwestern~ct~transit~district,operator,Northwestern Connecticut Transit District,f-northwestern~ct~transit~district
10133,o-boston~express~bus~inc,operator,Boston Express,f-boston~express~bus~inc
10137,o-dru8-advancetransit,operator,Advance Transit,f-advancetransit~rt;f-dru8-advancetransit
10140,o-drke-9towntransit,operator,Estuary Transit District,f-drke-ninetown~connecticut~us;f-drke-ninetown~connecticut~us~flex
10143,o-dru-tri~valleytransit,operator,Tri-Valley Transit,f-dru-tri~valleytransit;f-dru-tri~valleytransit~rt
10144,o-drsh-moover,operator,Southeast Vermont Transit,f-drsh-dvtamoover~vt~us;f-dvtamoover~vt~rt
10145,o-drmg-marthasvineyardtransitauthority,operator,Martha's Vineyard Transit Authority,f-drmg-marthasvineyard~ma~us
10148,o-dru-ruralcommunitytransportation,operator,Rural Community Transportation,f-dru-ruralcommunity~vt~us;f-ruralcommunity~vt~rt
10149,o-university~of~connecticut,operator,University of Connecticut / Windham Region Transit District,f-university~of~connecticut;f-university~of~connecticut~rt
10151,o-dre-greenmountaincommunitynetworkinc,operator,Green Mountain Community Network,f-dre-greenmtncn~vt~us;f-greenmtncn~vt~rt
10153,o-cranberry~isles,operator,Town of Cranberry Isles Commuter Ferry,f-cranberry~isles
10154,o-drs-thebusmarblevalleymetroaltransitdistrict,operator,Marble Valley Regional Transit District,f-drs-thebus~vt~us;f-thebus~vt~rt
10156,o-northeastern~connecticut~transit~district,operator,Northeastern Connecticut Transit District,f-northeastern~connecticut~transit~district
10157,o-dr-peterpanbuslines,operator,Peter Pan Bus Lines,f-dr-peterpanbuslines;f-utel~uiuc~intercity~bus
10159,o-vna~home~healthcare~hospice~community~service,operator,"VNA Home Healthcare, Hospice & Community Service",f-vna~home~healthcare~hospice~community~service
10161,o-concordareatransit~nh~us,operator,Concord Area Transit,f-concordareatransit~fixedroute~nh~us;f-concordareatransit~nh~us
10162,o-drq4-thewave~nantucketregionaltransitauthority,operator,Nantucket Regional Transit Authority,f-drq4-thewave~nantucketregionaltransitauthority
10167,o-isleauhautboatservices~me~us,operator,Isle au Haut Boat Services,f-isleauhautboatservices~me~us
10168,o-dru-tri~valleytransit,operator,Tri-Valley Transit,f-dru-tri~valleytransit;f-dru-tri~valleytransit~rt
10169,o-waldocommunityactionpartners~me~us,operator,Waldo Community Action Partners,f-waldocommunityactionpartners~me~us
10172,o-tri~county~cap~inc~north~country~transit,operator,"Tri-County CAP, Inc./North Country Transit",f-tri~county~cap~inc~north~country~transit
10173,o-drs-franklinregionaltransitauthority,operator,Franklin Regional Transit Authority,f-drs-franklinregionaltransitauthority;f-drs-franklinregionaltransitauthority~ma~us~rt
10175,o-acadia~national~park~island~explorer,operator,Acadia National Park,f-acadia~national~park~island~explorer;f-acadia~national~park~island~explorer~rt
10177,o-wests~bus~service,operator,West's Bus Service,f-wests~bus~service
10181,o-lexpress~lexington~ma,operator,Lexpress,f-lexpress~lexington~ma
10183,o-steamshipauthority~ma~us,operator,"Woods Hole, Martha's Vineyard and Nantucket Steamship Authority",f-ssabus~ma~us;f-steamshipauthority~ma~us
11147,o-ridethebay~ri~us,operator,Ride the Bay,f-ridethebay~ri~us
11152,o-mashantucket~pequot~tribal~nation,operator,Mashantucket Pequot Tribal Nation,f-mashantucket~pequot~tribal~nation
11156,o-southwestern~community~services~transportation,operator,Southwestern Community Services Transportation,f-southwestern~community~services~transportation
11235,o-mainedepartmentoftransportation~me~us,operator,Maine Department of Transportation,f-mainedepartmentoftransportation~me~us
11239,o-drq5-hy~linecruises,operator,Hy-Line Cruises,f-drq5-hylinecruises~ma~us
20002,o-dre-cdta,operator,Capital District Transportation Authority,f-dre-cdta;f-dre-cdta~rt
20003,o-dr6p-broomecounty,operator,Broome County,f-broome~county~ny~us
20004,o-dpx-nfta~metro,operator,Niagara Frontier Transportation Authority,f-dpx-wwwnftacom;f-dpx-wwwnftacom~rail
20005,o-dr3-ctran,operator,C TRAN,f-chemung~c~tran;f-chemung~c~tran~rt
20006,o-dr5w-cityoflongbeachtransportation,operator,City of Long Beach Transportation,f-clbt~nassau~ny~us
20008,o-dr5r-nyct,operator,MTA New York City Transit,f-dr5r-mtabc;f-dr5r-mtanewyorkcitytransit;f-dr5r-mtanyctbusbrooklyn;f-dr5r-mtanyctbusmanhattan;f-dr5r-mtanyctbusstatenisland;f-dr5r-nyctsubway;f-dr5x-mtanyctbusqueens;f-dr72-mtanyctbusbronx;f-mta~nyc~rt~alerts;f-mta~nyc~rt~bustime;f-mta~nyc~rt~subway~1~2~3~4~5~6~7;f-mta~nyc~rt~subway~a~c~e;f-mta~nyc~rt~subway~b~d~f~m;f-mta~nyc~rt~subway~g;f-mta~nyc~rt~subway~j~z;f-mta~nyc~rt~subway~l;f-mta~nyc~rt~subway~n~q~r~w;f-mta~nyc~rt~subway~sir
20010,o-dr7-dutchesscounty,operator,Dutchess County,f-dutchess~county~ny
20018,o-dr9-centro,operator,Central New York Regional Transportation Authority,f-dr9-centro
20071,o-dr7b-hart,operator,HART,f-huntington~area~rapid~transit
20072,o-drk-ny~suffolkcountytransit,operator,Suffolk County Transit,f-drk-ny~suffolkcountytransit;f-drk-ny~suffolkcountytransit~rt
20075,o-dr4e-portauthoritytransitcorporation,operator,Port Authority Transit Corporation,f-dr4e-patco
20076,o-dr7-westchestercountybee~linesystem,operator,Westchester County Bee-Line System,f-dr7-westchestercountybee~linesystem;f-westchestercountybee~linesystem~rt
20078,o-dr7-metro~northrailroad,operator,MTA Metro-North Railroad,f-dr7-mtanyc~metro~north;f-hudson~rail~link;f-mta~nyc~rt~alerts;f-mta~nyc~rt~mnr
20080,o-dr5-nj~transit,operator,New Jersey Transit,f-dr5-nj~transit~bus;f-dr5-nj~transit~rail
20082,o-dr5r7-nycdot,operator,New York City Department of Transportation,f-dr5r7-nycdotsiferry
20084,o-rockland~ny~us,operator,Transport of Rockland,f-rockland~ny~us
20096,o-dr7e-partputnamarearapidtransit,operator,PART Putnam Area Rapid Transit,f-putnam~area~rapid~transit
20098,o-dr5r-path,operator,Port Authority Trans-Hudson,f-dr5r-path~nj~us
20100,o-dr5-longislandrailroad,operator,MTA Long Island Rail Road,f-dr5-mtanyclirr;f-mta~nyc~rt~alerts;f-mta~nyc~rt~lirr
20113,o-dr8-rochester~geneseeregionaltransportationauthority,operator,Rochester-Genesee Regional Transportation Authority,f-dr8-rochester~geneseeregionaltransportationauthority;f-rts~genesee;f-rts~livingston;f-rts~ontario;f-rts~orleans;f-rts~seneca~ny;f-rts~wayne~ny;f-rts~wyoming
20122,o-academy~bus,operator,Academy Bus,f-academy~bus~nj;f-academy~express~staten~island;f-utel~uiuc~intercity~bus
20126,o-hudson~transit~lines~inc,operator,Coach Hudson Transit Lines,f-megabus~us;f-utel~uiuc~intercity~bus
20128,o-suburban~transit~corporation,operator,Coach Suburban Transit Corporation,f-megabus~us
20145,o-dr997-tompkinsconsolidatedareatransit,operator,Tompkins Consolidated Area Transit,f-dr997-tompkinsconsolidatedareatransit;f-tompkinsconsolidatedareatransit~rt
20160,o-community~transit~inc,operator,Coach Community Coach,f-megabus~us
20163,o-lakelandbuslines,operator,Lakeland Bus Lines,f-lakelandbuslines~nj
20165,o-olympia~trails~bus~company~inc,operator,Coach Newark Express,f-megabus~us
20169,o-transbridgelines,operator,Trans-Bridge Lines,f-trans~bridge~lines;f-utel~uiuc~intercity~bus
20176,o-kaserbusservice~ny~us,operator,Kaser Bus Service,f-kaserbusservice~ny~us
20177,o-adirondack~trailways,operator,Adirondack Trailways,f-adirondack~trailways~adt;f-trailways~adp~ny;f-trailways~nyp~ny;f-utel~uiuc~intercity~bus
20178,o-dr7-ulstercountyareatransit,operator,Ulster County Area Transit,f-dr7-ulstercountyareatransit
20179,o-dr7-leprechaunlines,operator,Leprechaun Lines,f-leprechaun~connection
20183,o-town~of~monroe~ny~us,operator,Town of Monroe,f-town~of~monroe~ny~us
20188,o-dr5r-nyct,operator,MTA New York City Transit,f-dr5r-mtabc;f-dr5r-mtanewyorkcitytransit;f-dr5r-mtanyctbusbrooklyn;f-dr5r-mtanyctbusmanhattan;f-dr5r-mtanyctbusstatenisland;f-dr5r-nyctsubway;f-dr5x-mtanyctbusqueens;f-dr72-mtanyctbusbronx;f-mta~nyc~rt~alerts;f-mta~nyc~rt~bustime;f-mta~nyc~rt~subway~1~2~3~4~5~6~7;f-mta~nyc~rt~subway~a~c~e;f-mta~nyc~rt~subway~b~d~f~m;f-mta~nyc~rt~subway~g;f-mta~nyc~rt~subway~j~z;f-mta~nyc~rt~subway~l;f-mta~nyc~rt~subway~n~q~r~w;f-mta~nyc~rt~subway~sir
20190,o-dr7-nywaterway,operator,NY Waterway,f-dr7-nywaterway;f-dr7-nywaterway~rt;f-dr7-nywaterway~rtt
20191,o-drce-kingstontransit,operator,Kingston Transit,f-drce-kingstontransit;f-kingston~rt
20195,o-gloucestercounty~nj,operator,Gloucester County,f-gloucester~county~nj
20199,o-atlanticcounty~nj,operator,Atlantic County,f-atlantic~county~nj
20200,o-southjerseytransportationauthority,operator,South Jersey Transportation Authority,f-southjerseytransportationauthority
20201,o-cumberlandcounty~nj,operator,Cumberland County Division of Employment and Training,f-cumberland~county~nj
20206,o-dr5x-nassauinter~countyexpress,operator,Nassau Inter-County Express,f-dr5x-wwwnicebuscom;f-nice~rt
20208,o-crosscountyconnection,operator,Cross County Connection,f-burlington~county~nj
20209,o-somersetcounty~nj,operator,Somerset County,f-somerset~county~nj
20212,o-hunterdoncountylink,operator,Hunterdon County LINK Transportation System,f-hunterdon~county~link
20213,o-dres54-cityofmechanicvillepublictransit,operator,City of Mechanicville Public Transit,f-dres54-cityofmechanicvillepublictransit
20214,o-town~of~warwick~ny~us,operator,Town of Warwick,f-town~of~warwick~ny~us
20215,o-watertown~citibus~ny~us,operator,City of Watertown CitiBus,f-watertown~citibus
20216,o-dr75f-middletownareatransit,operator,Middletown Area Transit,f-middletown~ny~us
20216,o-dr7k-transitorange~newburghlocaltransit,operator,TransitOrange,f-transit~orange~ny~us
20216,o-newburgh~transit,operator,Newburgh Area Transit,f-newburgh~bus
20223,o-cape~may~lewes~ferry~de~us,operator,Cape May Lewes Ferry,f-cape~may~lewes~ferry~de~us
20226,o-drk-seastreak,operator,Seastreak,f-drk-seastreak
20925,o-drf-lewiscountypublictransportation,operator,Lewis County Public Transportation,f-lewis~county~ny
20926,o-schoharie~county~public~transit,operator,Schoharie County Transit,f-schoharie~county~public~transit
20928,o-warrencountytransportation~nj,operator,Warren County Transportation,f-warren~county~nj
20932,o-essex~county~ny~us,operator,Essex County Public Transportation,f-essex~county~ny~us
20934,o-dr8-rochester~geneseeregionaltransportationauthority,operator,Rochester-Genesee Regional Transportation Authority,f-dr8-rochester~geneseeregionaltransportationauthority;f-rts~genesee;f-rts~livingston;f-rts~ontario;f-rts~orleans;f-rts~seneca~ny;f-rts~wayne~ny;f-rts~wyoming
20935,o-drd-chenangofirsttransit,operator,Chenango First Transit,f-drd-chenangofirsttransit
20937,o-dr6u-sullivancountytransit,operator,Sullivan County Transit,f-sullivan~county
20937,o-dr6v-movesullivan,operator,Move Sullivan,f-sullivan~county
20939,o-drg-clintoncountypublictransit,operator,Clinton County Public Transit,f-drg-clintoncountypublictransit
20940,o-drd-madisoncountytransit,operator,Madison County Transit,f-madison~transit~services~ny
20941,o-dr3p-ceats,operator,CEATS,f-ceats~ny
20942,o-dr9z-oswegocountypublictransit,operator,Oswego County Public Transit,f-oswego~county
20945,o-dr9-schuylercountytransit,operator,Schuyler County Transit,f-schuyler~county~public~transit
20946,o-dr90-steubencountytransit,operator,Steuben County Transit,f-steuben~county~ny
20947,o-dr8-rochester~geneseeregionaltransportationauthority,operator,Rochester-Genesee Regional Transportation Authority,f-dr8-rochester~geneseeregionaltransportationauthority;f-rts~genesee;f-rts~livingston;f-rts~ontario;f-rts~orleans;f-rts~seneca~ny;f-rts~wayne~ny;f-rts~wyoming
20950,o-sussexcountyskylandsride,operator,Sussex County Skylands Ride,f-sussex~county~skylandsride
20951,o-dr8-accessallegany,operator,Access Allegany,f-dr8-accessallegany
20953,o-dr8-hornellareatransit,operator,Hornell Area Transit,f-dr8-hornellareatransit
20959,o-dpx-carts,operator,Chautauqua Area Regional Transit System,f-chautauqua~area~regional~transit~system
20960,o-oneonta,operator,Oneonta Public Transit,f-oneonta
20967,o-dr8-rochester~geneseeregionaltransportationauthority,operator,Rochester-Genesee Regional Transportation Authority,f-dr8-rochester~geneseeregionaltransportationauthority;f-rts~genesee;f-rts~livingston;f-rts~ontario;f-rts~orleans;f-rts~seneca~ny;f-rts~wayne~ny;f-rts~wyoming
20968,o-dree-rensselaercounty~yankeetrails,operator,Rensselaer County/Yankee Trails,f-rensselaer~county~yankee~trails;f-utel~uiuc~intercity~bus
20975,o-dr2p-oleanareatransitsystem,operator,Olean Area Transit System,f-olean~area~transit~system
20980,o-dr8-rochester~geneseeregionaltransportationauthority,operator,Rochester-Genesee Regional Transportation Authority,f-dr8-rochester~geneseeregionaltransportationauthority;f-rts~genesee;f-rts~livingston;f-rts~ontario;f-rts~orleans;f-rts~seneca~ny;f-rts~wayne~ny;f-rts~wyoming
20981,o-dreh-gloversvilletransitservices,operator,Gloversville Transit System,f-dreh-gloversvilletransitservices
20983,o-dr8-rochester~geneseeregionaltransportationauthority,operator,Rochester-Genesee Regional Transportation Authority,f-dr8-rochester~geneseeregionaltransportationauthority;f-rts~genesee;f-rts~livingston;f-rts~ontario;f-rts~orleans;f-rts~seneca~ny;f-rts~wayne~ny;f-rts~wyoming
20991,o-st~lawrence~county~ny,operator,St. Lawrence County Public Transit,f-st~lawrence~county~ny;f-st~lawrence~county~ny~rt
20992,o-drg-franklincountypublictransportation,operator,Franklin County Public Transportation,f-drg-franklincountypublictransportation
20998,o-drd-otsegoexpresspublictransportation,operator,Otsego Express Public Transportation,f-otsego~express
20999,o-columbia~county~public~transportation,operator,Columbia County Public Transportation,f-columbia~county~public~transportation
22929,o-seneca~nation~of~indians,operator,Seneca Nation of Indians,f-seneca~nation~of~indians;f-seneca~nation~of~indians~rt
22930,o-dr5r-nycferry,operator,NYC Ferry,f-dr5r-nycferry;f-nycferry~rt
30001,o-dnvf-kanawhavalleyregionaltransportationauthority,operator,Kanawha Valley Regional Transportation Authority,f-kanawha~valley~regional~transportation~authority;f-kanawha~valley~regional~transportation~authority~rt
30002,o-the~tri~state~transit~authority,operator,The Tri-State Transit Authority,f-the~tri~state~transit~authority
30003,o-mid~ohio~valley~transit~authority,operator,Mid-Ohio Valley Transit Authority,f-mid~ohio~valley~transit~authority
30006,o-greater~richmond~transit~company,operator,Greater Richmond Transit Company,f-grtc~va;f-grtc~va~rt
30007,o-dnx5-valleymetroroanoke,operator,Valley Metro Roanoke,f-dnx-roanoke~va~us;f-dnx-roanoke~va~us~rt
30008,o-dnxs-greaterlynchburgtransitco,operator,Greater Lynchburg Transit Company,f-dnxs-gltc~lynchburg~va~us;f-dnxs-gltc~lynchburg~va~us~flex
30009,o-petersburg~va~us,operator,Petersburg Area Transit,f-petersburg~va~us;f-petersburg~va~us~flex
30010,o-dr4r-lanta,operator,Lehigh and Northampton Transportation Authority,f-dr4r-lanta;f-dr4r-lanta~rt
30011,o-altoona~metro~transit,operator,Altoona Metro Transit,f-altoona~metro~transit;f-altoona~metro~transit~rt
30012,o-cambria~county~transit~authority,operator,Cambria County Transit Authority,f-cambria~county~transit~authority;f-cambria~county~transit~authority~rt
30013,o-dprp-eriemetropolitantransitauthority,operator,Erie Metropolitan Transit Authority,f-dprp-eriemetropolitantransitauthority;f-dprp-eriemetropolitantransitauthority~rt
30014,o-capitalareatransit~pa,operator,Capital Area Transit,f-capitalareatransit~pa;f-capitalareatransit~pa~rt
30015,o-luzerne~county~transit~authority,operator,Luzerne County Transportation Authority,f-luzerne~county~transit~authority;f-luzerne~county~transit~authority~rt
30018,o-rrta~pa,operator,Red Rose Transit Authority,f-rrta~pa;f-rrta~pa~rt
30019,o-dr4-septa,operator,Southeastern Pennsylvania Transportation Authority,f-dr4-septa~bus;f-dr4-septa~rail;f-septa~rail~rt;f-septa~rt
30022,o-dppn-portauthorityofalleghenycounty,operator,Pittsburgh Regional Transit,f-dppn-portauthorityofalleghenycounty;f-dppn-portauthorityofalleghenycounty~bus~rt;f-dppn-portauthorityofalleghenycounty~train~rt
30023,o-dpnz-bcta,operator,Beaver County Transit Authority,f-dpnz-bcta;f-dpnz-bcta~rt
30024,o-barta~pa,operator,Berks Area Regional Transportation Authority,f-barta~pa;f-barta~pa~rt
30025,o-county~of~lackawanna~transit,operator,County of Lackawanna Transit System,f-county~of~lackawanna~transit;f-county~of~lackawanna~transit~rt
30026,o-river~valley~transit~authority,operator,River Valley Transit Authority,f-river~valley~transit~authority;f-river~valley~transit~authority~rt
30027,o-dr1-rabbittransit,operator,rabbittransit,f-dr1-rabbittransit;f-dr1-rabbittransit~rt
30030,o-dqc-met,operator,Washington Metropolitan Area Transit Authority,f-dqc-wmata~bus;f-dqc-wmata~rail;f-wmata~bus~rt;f-wmata~rail~rt
30034,o-dqc-marylandtransitadministration,operator,Maryland Transit Administration,f-dq-mtamaryland~bus;f-dq-mtamaryland~bus~rt;f-dq-mtamaryland~commuterbus;f-dq-mtamaryland~commuterbus~rt;f-dq-mtamaryland~marc;f-dq-mtamaryland~raillink;f-dq-mtamaryland~raillink~rt;f-dq-mtamaryland~subwaylink;f-dq-mtamaryland~subwaylink~rt;f-mtamaryland~marc~train~rt;f-mtamaryland~rt~alerts
30035,o-ohiovalleyregionaltransportationauthority~wv~us,operator,Ohio Valley Regional Transportation Authority,f-ohiovalleyregionaltransportationauthority~wv~us
30036,o-dqb0q-charlottesvilleareatransit,operator,Charlottesville Area Transit,f-dqb0q-charlottesvilleareatransit;f-dqb0q-charlottesvilleareatransit~rt
30040,o-dqct-annapolistransit,operator,Annapolis Transit,f-dqct-annapolistransit
30041,o-dppc-alleganycountytransit,operator,Allegany County Transit,f-dppc-alleganycountytransit
30042,o-dr09-washingtoncountycommuter,operator,Washington County Transit Department,f-dr09-washingtoncountycommuter
30044,o-westmoreland~pa~us,operator,Westmoreland County Transit Authority,f-westmoreland~pa~us;f-westmoreland~pa~us~rt
30045,o-dqb-vajaunt,operator,Jaunt,f-jaunt~inc~va
30048,o-dqcq-regionaltransportationagencyofcentralmaryland,operator,Regional Transportation Agency of Central Maryland,f-dqcq-regionaltransportationagencyofcentralmaryland;f-dqcq-regionaltransportationagencyofcentralmaryland~rt;f-dqcq-regionaltransportationagencyofcentralmaryland~rt~alerts
30051,o-dqcn-montgomerycountymdrideon,operator,Montgomery County Transit,f-dqcn-montgomerycountymdrideon
30053,o-bristol~va~us,operator,Bristol Virginia Transit,f-bristol~va~us
30054,o-dr28-cata,operator,Centre County Transit Authority,f-dr28-wwwcatabuscom;f-dr28-wwwcatabuscom~rt
30055,o-shenango~valley~shuttle~service~pa,operator,Shenango Valley Shuttle Service,f-shenango~valley~shuttle~service~pa;f-shenango~valley~shuttle~service~pa~rt
30058,o-dqcj1-fairfaxcue,operator,Fairfax City CUE Bus,f-dqcj1-fairfaxcue
30061,o-mid~mon~valley~transit~authority~pa,operator,Mid Mon Valley Transit Authority,f-mid~mon~valley~transit~authority~pa;f-mid~mon~valley~transit~authority~pa~rt
30068,o-dqcj-fairfaxconnector,operator,Fairfax Connector,f-dqcj-fairfaxconnector;f-fairfaxconnector~rt
30069,o-dnx8-danvilletransit,operator,Danville Transit,f-danville~va~us
30070,o-dqch-prtc,operator,Potomac and Rappahannock Transportation Commission,f-dqch-prtc;f-omniride~va~us~flex
30071,o-alexandria~va~us~paratransit,operator,City of Alexandria Paratransit,f-alexandria~va~us~paratransit
30071,o-dqchv-alexandriatransitcompanydash,operator,Alexandria Transit Company,f-dqchv-alexandriatransitcompanydash;f-dqchv-alexandriatransitcompanydash~rt
30072,o-dr0b-transitservicesoffrederickcounty,operator,TransIT Services of Frederick County,f-dr0b-transitservicesoffrederickcounty;f-dr0b-transitservicesoffrederickcounty~rt;f-dr0b-transitservicesoffrederickcounty~rt~alerts
30073,o-dqc-virginiarailwayexpress,operator,Virginia Railway Express,f-dqc-virginiarailwayexpress;f-vre~rt
30074,o-dr1b-harfordtransitlink,operator,Harford Transit LINK,f-dr1b-harfordtransitlink;f-dr1b-harfordtransitlink~rt
30075,o-dr4-dartfirststate,operator,Delaware Transit Corporation,f-dr4-dartfirststate;f-dr4-dartfirststatewood~rt
30076,o-dq9k-wata,operator,Williamsburg Area Transit Authority,f-dq9k-wata;f-dq9k-wata~rt;f-wata~rt;f-williamsburg~va~us~flex
30077,o-pottstown~area~rapid~transit,operator,Pottstown Area Rapid Transit,f-pottstown~area~rapid~transit;f-pottstown~area~rapid~transit~rt
30079,o-fredericksburg~regional~transit,operator,Fredericksburg Regional Transit,f-fredericksburg~regional~transit
30080,o-dqcjj-arlingtontransit,operator,Arlington Transit,f-art~rt;f-dqcjj-arlingtontransit
30081,o-dqbv-loudouncountytransit,operator,Loudoun County Transit,f-loudouncounty~va~us;f-loudouncounty~va~us~flex
30083,o-dq9-hamptonroadstransithrt,operator,Hampton Roads Transit (HRT),f-dq9-hrt;f-dq9-hrt~rt
30085,o-dqc-thebusofprincegeorgescounty,operator,Prince George's County,f-dqc-thebusofprincegeorgescounty;f-dqc-thebusofprincegeorgescounty~rt
30087,o-fayette~area~coordinated~transportation,operator,Fayette Area Coordinated Transportation,f-fayette~area~coordinated~transportation;f-fayette~area~coordinated~transportation~rt
30088,o-dqc7-charlescountyvango,operator,Charles County VanGo,f-dqc7-charlescountyvango
30089,o-dpp-mountainlinetransitauthority,operator,Mountain Line Transit Authority,f-dpp-mountainlinetransitauthority~wvuprt
30090,o-epta~wv,operator,Eastern Panhandle Transit Authority,f-epta~wv
30091,o-dnwg-blacksburgtransit,operator,Blacksburg Transit,f-dnwg-blacksburgtransit
30092,o-dr1-carrolltransitsystem,operator,Carroll Transit System,f-dr10-carrolltransitsystem~carrollareatransitsystemcats
30093,o-hazleton~public~transit,operator,Hazleton Public Transit,f-hazleton~public~transit;f-hazleton~public~transit~rt
30094,o-dnzft-harrisonburghdpt,operator,Harrisonburg HDPT,f-dnzft-harrisonburghdpt;f-dnzft-harrisonburghdpt~rt
30095,o-lebanon~transit~pa~us,operator,Lebanon Transit,f-lebanon~transit~pa~us;f-lebanon~transit~pa~us~rt
30096,o-dqf3-shoretransit,operator,Tri-County Council for the Lower Eastern Shore of Maryland,f-dqf3-shoretransit;f-dqf3-shoretransit~rt
30099,o-wintran~va~us,operator,WinTran,f-wintran~va~us;f-wintran~va~us~flex
30107,o-dpp1s-wvuprt,operator,West Virginia University Morgantown Personal Rapid Transit,f-west~virginia~university
30108,o-dr41-ceciltransit,operator,Cecil Transit,f-dr41-ceciltransit;f-dr41-ceciltransit~rt
30109,o-dqc-stmarystransitsystem,operator,St. Mary's Transit System,f-dqc-stmarystransitsystem
30111,o-freedom~transit~pa~us,operator,Freedom Transit,f-freedom~transit~pa~us;f-freedom~transit~pa~us~rt
30112,o-districtdepartmentoftransportation~dc~us,operator,District Department of Transportation,f-districtdepartmentoftransportation~dc~us
30114,o-startransit~va~us,operator,STAR Transit,f-startransit~va~us;f-startransit~va~us~flex
30115,o-dnwe-pulaskiareatransit,operator,Pulaski Area Transit,f-dnwe-pulaski~va~us;f-dnwe-pulaski~va~us~flex
30116,o-lower~anthracite~transit~system,operator,Lower Anthracite Transit System,f-lower~anthracite~transit~system;f-lower~anthracite~transit~system~rt
30121,o-bluefield~area~transit,operator,Bluefield Area Transit,f-bluefield~area~transit
30122,o-randolph~county~senior~center,operator,Randolph County Senior Center,f-randolph~county~senior~center
30123,o-districtthree~va~us,operator,Mountain Lynx Transit,f-districtthree~va~us;f-districtthree~va~us~flex
30124,o-warren~county~transit~authority~oh~us,operator,Warren County Transit Authority,f-warren~county~transit~authority~oh~us;f-warren~county~transit~authority~oh~us~rt
30127,o-schuylkill~transportation~system,operator,Schuylkill Transportation System,f-schuylkill~transportation~system;f-schuylkill~transportation~system~rt
30129,o-anne~arundel~county,operator,Anne Arundel County Transit,f-anne~arundel~county
30130,o-towson~loop,operator,Towson Loop,f-towson~loop;f-towson~loop~rt
30131,o-dqce-calvertcountypublictransportation,operator,Calvert County Public Transportation,f-dqce-calvertcountypublictransportation
30135,o-potomac~valley~transit~authority,operator,Potomac Valley Transit Authority,f-potomac~valley~transit~authority
30137,o-dr63-monroecountytransitauthority,operator,Monroe County Transit Authority,f-dr63-monroecountytransitauthority;f-dr63-monroecountytransitauthority~rt
30140,o-mountain~transit~authority~wv~us,operator,Mountain Transit Authority,f-mountain~transit~authority~wv~us
30141,o-butler~transit~authority~pa,operator,Butler Transit Authority,f-butler~transit~authority~pa;f-butler~transit~authority~pa~rt
30147,o-ponyexpress~va~us,operator,Pony Express,f-ponyexpress~va~us
30149,o-fairmont~marion~county,operator,Fairmont Marion County Transit Authority,f-fairmont~marion~county
30151,o-new~castle~area~transit~authority,operator,New Castle Area Transit Authority,f-new~castle~area~transit~authority;f-new~castle~area~transit~authority~rt
30155,o-dqfd7-oceancitytransporation,operator,Ocean City Transportation,f-dqfd7-oceancitytransporation
30157,o-altavista~va~us,operator,Altavista Community Transit System,f-altavista~va~us
30164,o-grahamtransit~va~us,operator,Graham Transit,f-grahamtransit~va~us;f-grahamtransit~va~us~flex
30165,o-farmville~va~us,operator,Farmville Area Bus,f-farmville~va~us
30170,o-endless~mountains~transportation~authority,operator,Endless Mountains Transportation Authority,f-endless~mountains~transportation~authority;f-endless~mountains~transportation~authority~rt
30172,o-dq9-baytransit,operator,Bay Transit,f-bay~transit~va
30174,o-four~county~transit~va~us,operator,Four County Transit,f-four~county~transit~va~us;f-four~county~transit~va~us~flex
30177,o-indiana~county~transit~authority,operator,Indiana County Transit Authority,f-indiana~county~transit~authority;f-indiana~county~transit~authority~rt
30178,o-dnx-radar,operator,RADAR,f-dnx-radartransit;f-dnx-radartransit~flex
30184,o-blackstone~va~us,operator,Blackstone Area Bus System,f-blackstone~va~us
30185,o-crawford~area~transportation~authority~pa,operator,Crawford Area Transportation Authority,f-crawford~area~transportation~authority~pa;f-crawford~area~transportation~authority~pa~rt
30192,o-dqcv-queenannescountyride,operator,Queen Anne's County,f-dqcv-queenannescountyride
30194,o-mid~county~transit~authority,operator,Mid-County Transit Authority,f-mid~county~transit~authority;f-mid~county~transit~authority~rt
30196,o-area~transit~authority~north~central~pa,operator,Area Transit Authority,f-area~transit~authority~north~central~pa;f-area~transit~authority~north~central~pa~rt
30198,o-suffolk~va~us,operator,Suffolk Transit,f-suffolk~va~us;f-suffolk~va~us~flex
30199,o-beckley~wv~us,operator,New River Transit Authority,f-beckley~wv~us;f-beckley~wv~us~rt
30200,o-dnwe-radfordtransit,operator,Radford Transit,f-dnwe-radford~va~us;f-dnwe-radford~va~us~rt
30201,o-dqcx8-charmcitycirculator,operator,Charm City Circulator,f-dqcx8-charmcitycirculator;f-dqcx8-charmcitycirculator~rt
30201,o-harborconnector~md~us,operator,Harbor Connector,f-harborconnector~md~us
30203,o-yorktown~va~us,operator,Yorktown Trolley,f-yorktown~va~us
30208,o-university~of~maryland~shuttle~um~md~us,operator,University of Maryland Shuttle-UM,f-university~of~maryland~shuttle~um~md~us
30209,o-cityofweirton~wv~us,operator,City of Weirton,f-cityofweirton~wv~us
30571,o-delmarvacommunityservicesinc~md~us,operator,Delmarva Community Services Inc.,f-delmarvacommunityservicesinc~md~us
30989,o-brite~bus~va,operator,BRITE,f-brite~bus~va
31025,o-get~va~us,operator,Greensville Emporia Transit,f-get~va~us
3R06-30118,o-dqb-virginiaregionaltransit,operator,Virginia Regional Transit,f-vatransit~va~us;f-vatransit~va~us~flex
3R06-30120,o-dqb-virginiaregionaltransit,operator,Virginia Regional Transit,f-vatransit~va~us;f-vatransit~va~us~flex
3R06-30125,o-dqb-virginiaregionaltransit,operator,Virginia Regional Transit,f-vatransit~va~us;f-vatransit~va~us~flex
40001,o-dn5r-carta,operator,Chattanooga Area Regional Transportation Authority,f-dn5r-carta
40002,o-dnkk-knoxvilleareatransit,operator,Knoxville Area Transit,f-dnkk-knoxvilleareatransit;f-dnkk-knoxvilleareatransit~rt
40003,o-memphis~area~transit~authority,operator,Memphis Area Transit Authority,f-memphis~area~transit~authority;f-memphis~area~transit~authority~rt
40004,o-dn6-nashvillemetropolitantransitauthority,operator,Nashville Metropolitan Transit Authority,f-dn6-regionaltransportationauthorityofmiddletennessee~nashville;f-nashvillemta~rt
40005,o-dnm6-ashevilleredefinestransit,operator,Asheville Redefines Transit,f-dnm6-asheville~nc~us;f-dnm6-asheville~nc~us~alerts;f-dnm6-asheville~nc~us~rt
40006,o-dq0d-wavetransit,operator,Cape Fear Public Transportation Authority,f-dq0d-wavetransit;f-dq0d-wavetransit~rt
40007,o-dq25-goraleigh,operator,GoRaleigh,f-dq25-capital~area~transit~nc~us;f-dq25-capital~area~transit~nc~us~rt
40008,o-dnq-charlotteareatransitsystem,operator,Charlotte Area Transit System,f-dnq-charlotteareatransitsystem;f-dnq-charlotteareatransitsystem~rt
40009,o-dnpz-fast,operator,Fayetteville Area System of Transit,f-dnpz-fast
40010,o-dnq-gastoniatransit,operator,Gastonia Transit,f-dnq-gastoniatransit
40011,o-high~point~nc~us,operator,High Point Transit,f-high~point~nc~us
40012,o-dnq-wsta,operator,Winston-Salem Transit Authority,f-dnq-wsta;f-dnq-wsta~rt
40014,o-coast~transit~ms~us,operator,Mississippi Coast Transportation Authority,f-coast~transit~ms~us
40015,o-9vxz-jatran,operator,City of Jackson,f-9vxz-jatran~ms~us;f-9vxz-jatran~ms~us~rt
40016,o-cityofashland~ky~us,operator,Ashland Bus System,f-cityofashland~ky~us
40017,o-dngb-lextran,operator,Lexington Transit Authority,f-dngb-lextran;f-dngb-lextran~rt
40018,o-dng1-transitauthorityofrivercity,operator,Transit Authority of River City,f-dng1-transitauthorityofrivercity;f-tarc~rt
40019,o-dngy-transitauthorityofnorthernkentucky,operator,Transit Authority of Northern Kentucky,f-dngy-transitauthorityofnorthernkentucky;f-dngy-transitauthorityofnorthernkentucky~rt
40020,o-cityofowensboro~ky~us,operator,City of Owensboro,f-cityofowensboro~ky~us
40021,o-albany~ga~us,operator,Albany Transit System,f-albany~ga~us
40022,o-dnh-metropolitanatlantarapidtransitauthority,operator,Metropolitan Atlanta Rapid Transit Authority,f-dnh-marta;f-dnh-marta~rt
40023,o-augusta~ga~us,operator,Augusta Transit,f-augusta~ga~us
40024,o-metra~ga~us,operator,Metra (Columbus),f-metra~ga~rt;f-metra~ga~us
40025,o-djwq-chathamareatransit,operator,Chatham Area Transit,f-djwq-chathamareatransit;f-djwq-chathamareatransit~ferry
40026,o-dhvk-manateecountyareatransit,operator,Manatee County Area Transit,f-dhvk-manatee~fl~us;f-dhvk-manatee~fl~us~rt
40027,o-dhv-psta,operator,Pinellas Suncoast Transit Authority,f-dhv-psta
40028,o-dht-leecountytransit,operator,Lee County Transit,f-dht-leecountytransit
40029,o-dhw-browardcountytransit,operator,Broward County Transit,f-dhw-browardcountytransit;f-dhw-browardcountytransit~rt;f-dhw-browardcountytransit~tracktrolley~rt
40030,o-djm2-gainesvilleregionaltransitsystem,operator,Gainesville Regional Transit System,f-djm2-regionaltransitsystem
40031,o-dh-lakeland,operator,Lakeland Area Mass Transit District,f-dh-lakeland~rt;f-lakeland~availtec;f-lakeland~passio
40032,o-djn-votran,operator,Votran,f-djn-votran;f-votran~rt
40034,o-dhw-miamidadetransit,operator,Miami Dade Transit,f-dhw-miamidadetransit;f-miamidadetransit~rt;f-miamidadetransit~rt~alerts
40035,o-djn-centralfloridaregionaltransitauthority,operator,Central Florida Regional Transit Authority,f-djn-centralfloridaregionaltransitauthority;f-djn-centralfloridaregionaltransitauthority~rt
40036,o-djkj-starmetro,operator,StarMetro,f-djkj-starmetro
40037,o-dhx-palmtran,operator,Palm Tran,f-dhx-palmtran;f-dhx-palmtran~rt
40038,o-dj3-escambiacountyareatransit,operator,Escambia County Area Transit,f-dj3-ecat~fl~us
40040,o-djmu-jacksonvilletransportationauthority,operator,Jacksonville Transportation Authority,f-djmu-jacksonvilletransportationauthority;f-djmu-jacksonvilletransportationauthority~rt
40041,o-dhv-hillsborougharearegionaltransit,operator,Hillsborough Area Regional Transit,f-dhv-hillsborougharearegionaltransit;f-dhv-hillsborougharearegionaltransit~rt;f-dhv-hillsborougharearegionaltransit~streetcar~rt
40042,o-djfq-birminghamjeffersoncountytransitauthority,operator,Birmingham Jefferson County Transit Authority,f-djfq-birminghamjeffersoncountytransitauthority
40043,o-wave~mobile~al~us,operator,City of Mobile,f-wave~mobile~al~us;f-wave~mobile~al~us~rt
40044,o-djf8-montgomerytransit,operator,Montgomery Transit,f-djf8-montgomerytransit~al~us
40045,o-tuscaloosa~county~parking~and~transit~authority,operator,Tuscaloosa Transit Authority,f-tuscaloosa~county~parking~and~transit~authority;f-tuscaloosa~county~parking~and~transit~authority~rt
40046,o-dhv-sarasotacountyareatransit,operator,Sarasota County Area Transit,f-dhv-sarasotacountyareatransit;f-dhv-sarasotacountyareatransit~rt
40047,o-dnh9-athensclarkecountytransit,operator,Athens Clarke County Transit,f-athens~clarke~county~ga;f-athens~clarke~county~ga~rt
40049,o-gadsden~al~us,operator,Gadsden Transit Services,f-gadsden~al~us
40051,o-dnru-chapelhilltransit,operator,Chapel Hill Transit,f-dnru-chapel~hill~transit~nc~us;f-dnru-chapel~hill~transit~nc~us~rt
40053,o-dnjq-greenlink,operator,Greenlink,f-dnjq-greenlink;f-dnjq-greenlink~rt
40054,o-johnson~city~tn~us,operator,Johnson City Transit,f-johnson~city~tn~us
40055,o-city~of~bristol~tennessee,operator,Bristol Tennessee Transit,f-city~of~bristol~tennessee
40056,o-pee~dee~sc~us,operator,Pee Dee Regional Transportation Authority,f-pee~dee~sc~us;f-pee~dee~sc~us~rt
40057,o-dn2f-jacksontransitauthority,operator,Jackson Transit Authority,f-jackson~tn~us
40058,o-cityofrome~ga~us,operator,City of Rome,f-cityofrome~ga~us
40060,o-hattiesburg~mi~us,operator,Hub City Transit,f-hattiesburg~mi~us
40063,o-djn-spacecoastareatransit,operator,Space Coast Area Transit,f-djn-spacecoast~fl~us
40071,o-dn4m-huntsvilleshuttle,operator,Huntsville Transit,f-dn4m-huntsvilleshuttle
40073,o-leerussellcouncilofgovernments~al~us,operator,Lee-Russell Council of Governments,f-leerussellcouncilofgovernments~al~us
40074,o-djj2-pascocountypublictransportation,operator,Pasco County Public Transportation,f-djj2-pascocountypublictransit~fl~us;f-djj2-pascocountypublictransit~fl~us~rt
40077,o-dhx-tri~rail,operator,South Florida Regional Transportation Authority,f-dhx-tri~rail;f-dhx-tri~rail~rt
40078,o-dn5b-cobbavl,operator,Cobb Community Transit,f-dn5b-cobbavl;f-dn5b-cobbavl~rt
40080,o-kats~tn,operator,Kingsport Area Transit Service,f-kats~tn
40081,o-cityofandersontransit,operator,Electric City Transit,f-anderson~sc~us
40082,o-connect~douglas~ga~us,operator,Connect Douglas,f-connect~douglas~ga~us;f-connect~douglas~ga~us~rt
40087,o-dnru-godurham,operator,GoDurham,f-dnru-durham~area~transit~authority~nc~us;f-dnru-durham~area~transit~authority~nc~us~rt
40092,o-clarksville~tn~us,operator,Clarksville Transit System,f-clarksville~tn~us
40093,o-dnrm-greensborotransit,operator,Greensboro Transit Authority,f-greensboro~nc~us;f-greensboro~nc~us~rt
40094,o-de30-ati,operator,Autoridad de Transporte Integrado,f-de30-ati
40095,o-dq2-great,operator,Greenville Area Transit,f-dq2-great
40096,o-dq2s-tarrivertransit,operator,Tar River Transit,f-dq2s-tarriver~nc~us
40100,o-dnn-santeewatereerta,operator,Santee Wateree RTA,f-santee~wateree~rta;f-santee~wateree~rta~rt
40101,o-spartanburg~sc~us,operator,City of Spartanburg,f-spartanburg~sc~us
40102,o-coast~rta~sc~us,operator,Waccamaw Regional Transportation Authority,f-coast~rta~sc~us;f-coast~rta~sc~us~rt
40104,o-indian~river~county,operator,Indian River County,f-indian~river~county
40108,o-dnr-gotriangle,operator,Research Triangle Regional Public Transportation Authority,f-dnr-tta~regionalbus~nc~us;f-dnr-tta~regionalbus~nc~us~rt
40110,o-djz4-charlestonarearegionaltransportationauthority,operator,Charleston Area Regional Transportation Authority,f-djz4-carta~sc~us;f-djz4-carta~sc~us~alerts
40112,o-cityofsanjuan~pr~us,operator,City of San Juan,f-cityofsanjuan~pr~us
40114,o-municipality~of~aguada~pr~us,operator,Municipality of Aguada,f-municipality~of~aguada~pr~us
40115,o-municipalityofcaguas~pr~us,operator,Municipality of Caguas,f-municipalityofcaguas~pr~us
40117,o-municipality~of~vega~baja,operator,Municipality of Vega Baja,f-municipality~of~vega~baja
40120,o-djjt-suntrancityofocala,operator,Ocala SunTran,f-djjt-suntran~fl~us;f-djjt-suntran~fl~us~rt
40121,o-municipio~de~hormigueros~pr~us,operator,Municipality of Hormigueros,f-municipio~de~hormigueros~pr~us
40122,o-municipalityofcayey~pr~us,operator,Municipality of Cayey,f-municipalityofcayey~pr~us
40123,o-municipalityofgurabo~pr~us,operator,Municipality of Gurabo,f-municipalityofgurabo~pr~us
40124,o-municipalityofcidra~pr~us,operator,Municipality of Cidra,f-municipalityofcidra~pr~us
40125,o-municipalityofcarolina~pr~us,operator,Municipality of Carolina,f-municipalityofcarolina~pr~us
40126,o-municipalityofhumacao~pr~us,operator,Municipality of Humacao,f-municipalityofhumacao~pr~us
40128,o-dj6m-emeraldcoastrider,operator,Okaloosa County Transit,f-dj6m-okaloosacountytransit~fl~us
40130,o-macon~bibb~county~ga~us,operator,Macon-Bibb County Transit Authority,f-macon~bibb~county~ga~us
40131,o-dnq-dcrides,operator,Davidson County Transportation System,f-dnq-dcrides;f-dnq-dcrides~rt
40132,o-dq2-gwta,operator,Goldsboro-Wayne Transportation Authority,f-dq2-gwta
40135,o-dnh-grtaxpress,operator,Atlanta-Region Transit Link Authority,f-dnh-grtaxpress;f-dnh-grtaxpress~rt
40137,o-municipality~of~bayamon,operator,Municipality of Bayamon,f-municipality~of~bayamon
40138,o-dnh0-gwinnettcountytransit,operator,Ride Gwinnett,f-dnh0-gwinnettcountytransit;f-dnh0-gwinnettcountytransit~rt
40140,o-dht-collierareatransit~cat,operator,Collier Area Transit,f-dht-collierareatransit~cat;f-dht-collierareatransit~cat~rt
40141,o-dnn3-thecomet,operator,The COMET,f-dnn3-thecomet~sc~us
40143,o-dnrg-carytransit,operator,GoCary,f-dnrg-cary~transit~nc~us;f-dnrg-cary~transit~nc~us~rt
40144,o-hall~area~transit~gainsville,operator,Hall Area Transit,f-hall~area~transit~gainsville
40145,o-municipalityofmanati~pr~us,operator,Municipality of Manati,f-municipalityofmanati~pr~us
40146,o-djj6-hernandobus,operator,Hernando County Transit,f-djj6-thehernandoexpress~fl~us
40147,o-dq259-ncsuwolfline,operator,North Carolina State University,f-dq259-ncsu~wolfline~nc~us;f-dq259-ncsu~wolfline~nc~us~rt
40150,o-municipalityofbarceloneta~pr~us,operator,Municipality of Barceloneta,f-municipalityofbarceloneta~pr~us
40151,o-municipalityofhatillo~pr~us,operator,Municipality of Hatillo,f-municipalityofhatillo~pr~us
40155,o-djq-sunshinebuscompany,operator,Sunshine Bus Company,f-djq-sunshinebuscompany~fl~us
40156,o-lower~savannah~cog,operator,Lower Savannah COG,f-lower~savannah~cog
40158,o-djjg-lakecounty,operator,Lake County Office of Transit Service,f-djjg-lakecounty
40160,o-municipalityofcamuy~pr~us,operator,Municipality of Camuy,f-municipalityofcamuy~pr~us
40161,o-dn5fv-cherokeeareatransportationsystemcats,operator,Cherokee Area Transportation System,f-dn5fv-cherokeeareatransportationsystemcats
40162,o-dn6hr-franklintransit,operator,Franklin Transit,f-dn6hr-tma~tn~us
40163,o-municipalityofcatano~pr~us,operator,Municipality of Cataño,f-municipalityofcatano~pr~us
40164,o-municipalityoffajardo~pr~us,operator,Municipality of Fajardo,f-municipalityoffajardo~pr~us
40165,o-municipalityofjuncos~pr~us,operator,Municipality of Juncos,f-municipalityofjuncos~pr~us
40166,o-dq0v-jacksonvilletransit,operator,City of Jacksonville,f-dq0v-jacksonvilletransit;f-dq0v-jacksonvilletransit~rt
40167,o-dnq9-concordkannapolisareatransit,operator,Concord Kannapolis Area Transit,f-dnq9-ckrider~nc~us;f-dnq9-ckrider~nc~us~rt
40172,o-dnq5-greenwaypublictransportation,operator,Western Piedmont Regional Transit Authority,f-dnq5-greenwaypublictransportation
40173,o-dnr-piedmontauthorityforregionaltransportation,operator,Piedmont Authority for Regional Transportation,f-dnr-piedmontauthorityforregionaltransportation;f-dnr-piedmontauthorityforregionaltransportation~rt
40174,o-municipalityofyauco~pr~us,operator,Municipality of Yauco,f-municipalityofyauco~pr~us
40180,o-dnh9n-universityofgeorgia,operator,University of Georgia,f-uga~ga~us;f-uga~ga~us~rt
40182,o-municipio~de~toa~baja~pr~us,operator,Municipality of Toa Baja,f-municipio~de~toa~baja~pr~us
40183,o-municipalityofsansebastian~pr~us,operator,Municipality of San Sebastian,f-municipalityofsansebastian~pr~us
40184,o-city~of~bowling~green,operator,City of Bowling Green,f-city~of~bowling~green
40186,o-city~of~murfreesboro,operator,City of Murfreesboro,f-murfreesboro~transit
40188,o-vitran~vi~us,operator,Virgin Islands Public Transit System,f-vitran~vi~us
40190,o-east~tennessee~human~resource~agency~inc,operator,East Tennessee Human Resource Agency (ETHRA),f-east~tennessee~human~resource~agency~inc;f-east~tennessee~human~resource~agency~inc~rt
40192,o-dhyf-martin~county,operator,Martin County Public Transit,f-dhyf-martin~county
40193,o-liberty~transit~ga~us,operator,Liberty Transit,f-liberty~transit~ga~us
40194,o-municipalityofmayaguez~pr~us,operator,Municipality of Mayagüez,f-municipalityofmayaguez~pr~us
40195,o-municipalityofsanlorenzo~pr~us,operator,Municipality of San Lorenzo,f-municipalityofsanlorenzo~pr~us
40198,o-municipalityofdorado~pr~us,operator,Municipality of Dorado,f-municipalityofdorado~pr~us
40199,o-autonomousmunicipalityofvegaalta~pr~us,operator,Autonomous Municipality of Vega Alta,f-autonomousmunicipalityofvegaalta~pr~us
40201,o-municipalityofguaynabo~pr~us,operator,Municipality of Guaynabo,f-municipalityofguaynabo~pr~us
40205,o-dnq-icats,operator,Iredell County Area Transportation System,f-dnq-icats
40206,o-djz-tricountylink,operator,Berkeley-Charleston-Dorchester TriCounty Link,f-tricounty~link~sc~us
40208,o-dnjj-clemsonareatransit,operator,Clemson Area Transit,f-dnjj-clemson~sc~us
40210,o-dq1p-carts,operator,Craven Area Rural Transit System,f-dq1p-carts
40218,o-cityoflagrange~ky~us,operator,City of La Grange,f-cityoflagrange~ky~us
40221,o-gaston~access~nc~us,operator,Gaston County,f-gaston~access~nc~us
40224,o-mountain~mobility~nc~us,operator,Mountain Mobility,f-mountain~mobility~nc~us
40226,o-dnk-haywoodtransit,operator,Haywood Public Transit,f-dnk-haywoodtransit
40229,o-apple~country~public~transit~nc~us,operator,Apple Country Public Transit,f-apple~country~public~transit~nc~us;f-apple~country~public~transit~nc~us~rt
40231,o-dnr-orangecountync,operator,Orange County Public Transportation,f-ocpt~nc~us
40232,o-djn-floridadepartmentoftransportation,operator,Central Florida Commuter Rail Commission,f-djn-floridadepartmentoftransportation
40233,o-dnq-salisburytransit,operator,Salisbury Transit,f-dnq-salisburytransit
40234,o-autonomousmunicipalityofponce~pr~us,operator,Autonomous Municipality of Ponce,f-autonomousmunicipalityofponce~pr~us
40239,o-cityofdeerfieldbeach~fl~us,operator,City of Deerfield Beach,f-cityofdeerfieldbeach~fl~us
40240,o-cityoflighthousepoint~fl~us,operator,City of Lighthouse Point,f-cityoflighthousepoint~fl~us
40241,o-miramar~fl~us,operator,Mira-Motion Community Shuttle,f-miramar~fl~us
40248,o-townofhillsborobeach~fl~us,operator,Town of Hillsboro Beach,f-townofhillsborobeach~fl~us
40250,o-cityoflauderdalelakes~fl~us,operator,City of Lauderdale Lakes,f-cityoflauderdalelakes~fl~us
40252,o-linktransit~nc~us,operator,Link Transit,f-linktransit~nc~us;f-linktransit~nc~us~rt
40253,o-cityofcoralsprings~fl~us,operator,City of Coral Springs,f-cityofcoralsprings~fl~us
40254,o-cityoflauderhill~fl~us,operator,City of Lauderhill,f-cityoflauderhill~fl~us
40257,o-pompano~beach~fl~us,operator,Pompano Beach,f-pompano~beach~fl~us
40261,o-cityofdaniabeach~fl~us,operator,City of Dania Beach,f-cityofdaniabeach~fl~us
40269,o-municipalityofanasco~pr~us,operator,Municipality of Añasco,f-municipalityofanasco~pr~us
40277,o-dnrg-carytransit,operator,GoCary,f-dnrg-cary~transit~nc~us;f-dnrg-cary~transit~nc~us~rt
40278,o-municipalityofcaborojo~pr~us,operator,Municipality of Cabo Rojo,f-municipalityofcaborojo~pr~us
40279,o-municipalityofcanovanas~pr~us,operator,Municipality of Canovanas,f-municipalityofcanovanas~pr~us
40280,o-municipalityofcorozal~pr~us,operator,Municipality of Corozal,f-municipalityofcorozal~pr~us
40918,o-dnqm-wta,operator,Wilkes Transportation Authority,f-dnqm-wta
40929,o-dnrq-skattransit,operator,Rockingham County Council on Aging,f-dnrq-skattransit
40948,o-dne-ky~bluegrassultra~transitservice,operator,Bluegrass Ultra-Transit Service,f-dne-bgcap~ky~us
40952,o-williamsburgcounty~sc~us,operator,Williamsbrug County Transit System,f-williamsburgcounty~sc~us
40953,o-pennyrilealliedcommunityservicesinc~ky~us,operator,"Pennyrile Allied Community Services, Inc.",f-pennyrilealliedcommunityservicesinc~ky~us
40954,o-muletown,operator,South Central Tennessee Development District,f-muletown
40958,o-municipalityoforocovis~pr~us,operator,Municipality of Orocovis,f-municipalityoforocovis~pr~us
40978,o-uchra~tn~us,operator,Upper Cumberland Human Resource Agency,f-uchra~tn~us
40979,o-kyriverfoothillsdevelopmentcouncilinc~ky~us,operator,"KY River Foothills Development Council, Inc.",f-kyriverfoothillsdevelopmentcouncilinc~ky~us
40983,o-dnm9-rutherfordcountync,operator,Rutherford County Transit,f-dnm9-rutherfordcountync
40989,o-cuats~tn~us,operator,Cleveland Urban Area Transit System,f-cuats~tn~us;f-cuats~tn~us~rt
40991,o-municipalityofutuado~pr~us,operator,Municipality of Utuado,f-municipalityofutuado~pr~us
40999,o-sumter~county~fl~us,operator,Sumter County Transit,f-sumter~county~fl~us
41003,o-fairfield~county~transit~oh~us,operator,Fairfield County Transit,f-fairfield~county~transit~oh~us
41010,o-dnr-pats,operator,Person Area Transportation System,f-dnr-pats
41013,o-paducah~ky~us,operator,Paducah Area Transit System,f-paducah~ky~us
41028,o-dnpm-scats,operator,Scotland County Area Transit System,f-dnpm-scats
41029,o-dnqp-acta,operator,Ashe County Transportation Authority,f-dnqp-acta
41030,o-starkville~msu~area~rapid~transit~ms~us,operator,Starkville-MSU Area Rapid Transit,f-starkville~msu~area~rapid~transit~ms~us
41032,o-maysville~ky~us,operator,City of Maysville,f-maysville~ky~us
41043,o-dnms-mitchellcountync,operator,Mitchell County Transportation Authority,f-dnms-mitchellcountync
41048,o-dq2-karts,operator,Kerr Area Transportation Authority,f-dq2-karts
41052,o-oxford~university~transit~ms~us,operator,Oxford University Transit,f-oxford~university~transit~ms~us
41053,o-murraycallowaycountytransitauthority~ky~us,operator,Murray-Calloway County Transit Authority,f-murraycallowaycountytransitauthority~ky~us
41060,o-dhm-keywesttransit,operator,Key West Transit,f-dhm-keywest~fl~us;f-keywesttransit~rt
41069,o-cherokeecountytransit~nc~us,operator,Cherokee County Transit,f-cherokeecountytransit~nc~us
41082,o-dnq0-tacc,operator,Transportation Administration of Cleveland County,f-dnq0-tacc
41083,o-glasgow~ky~us,operator,Glasgow Transit,f-glasgow~ky~us
41092,o-palmettobreeze~sc,operator,Palmetto Breeze Transit,f-palmettobreeze~sc;f-palmettobreeze~sc~rt
41102,o-gatlinburg~tn~us,operator,City of Gatlinburg Trolley,f-gatlinburg~tn~us;f-gatlinburg~tn~us~rt
41115,o-dnm0-transylvaniacountync,operator,Transylvania in Motion Transportation Services,f-dnm0-transylvaniacountync
41118,o-clastran~al~us,operator,ClasTran,f-clastran~al~us
41120,o-cityoffrankfort~ky~us,operator,City of Frankfort,f-cityoffrankfort~ky~us
41127,o-dnmy-appalcart,operator,Appalachian Campus Area Rapid Transit,f-dnmy-appalcart;f-dnmy-appalcart~rt
41136,o-pigeon~forge~tn~us,operator,Pigeon Forge Mass Transit,f-pigeon~forge~tn~us;f-pigeon~forge~tn~us~rt
41157,o-djjk-orangelinebuscitruscountytransit,operator,Citrus County Transit,f-djjk-citruscounty~fl~us
41167,o-dnkc-jacksoncountync,operator,Jackson County Transit,f-dnkc-jacksoncountync
41191,o-dnk8-maconcountync,operator,Macon County Transit,f-dnk8-maconcountync
41199,o-boardofcountycommissionersofstluciecounty~fl~us,operator,St Lucie County Area Regional Transit,f-boardofcountycommissionersofstluciecounty~fl~us
42000,o-dnh-grtaxpress,operator,Atlanta-Region Transit Link Authority,f-dnh-grtaxpress;f-dnh-grtaxpress~rt
44913,o-dnkc-cherokeetransit,operator,Eastern Band of Cherokee Indians Public Transit,f-dnkc-cherokeetransit
44929,o-city~of~fort~lauderdale,operator,City of Fort Lauderdale,f-city~of~fort~lauderdale
44941,o-municipalityofjayuya~pr~us,operator,Municipality of Jayuya,f-municipalityofjayuya~pr~us
44942,o-municipalityofcoamo~pr~us,operator,Municipality of Coamo,f-municipalityofcoamo~pr~us
44943,o-municipalityofvieques~pr~us,operator,Municipality of Vieques,f-municipalityofvieques~pr~us
44944,o-scottsville~ky~us,operator,Scottsville City Transit,f-scottsville~ky~us
44947,o-ocracoketram~nc~us,operator,Ocracoke Tram,f-ocracoketram~nc~us
44958,o-dq1-ncdotferries,operator,NCDOT Ferry Division,f-dq1-ncdotferries
44976,o-municipalityofpatillas~pr~us,operator,Municipality of Patillas,f-municipalityofpatillas~pr~us
44980,o-hendry~co~bocc,operator,Hendry County Transit System,f-hendry~co~bocc;f-hendry~co~bocc~rt
44984,o-cityofhendersonky~ky~us,operator,City of Henderson KY,f-cityofhendersonky~ky~us
50001,o-dpc5-valleytransit,operator,Valley Transit,f-dpc5-valleytransit;f-dpc5-valleytransit~rt
50002,o-dpcm-greenbaymetro,operator,Green Bay Metro,f-green~bay~wi~us;f-green~bay~wi~us~rt
50003,o-dp9d-cityofkenosha,operator,City of Kenosha,f-kenosha~wi~us;f-kenosha~wi~us~rt
50004,o-lacrosse~wi~us,operator,La Crosse Municipal Transit,f-lacrosse~wi~us
50005,o-dp8m-metrotransit~cityofmadison,operator,City of Madison Metro Transit,f-dp8m-metrotransit~cityofmadison;f-madison~rt
50006,o-dp9e-belleurbansystem,operator,Racine Transit,f-dp9e-belleurbansystem;f-dp9e-belleurbansystem~rt
50007,o-baymillsindiancommunity~mi~us,operator,Bay Mills Indian Community,f-baymillsindiancommunity~mi~us
50008,o-dp9-milwaukeecountytransitsystem,operator,Milwaukee County Transit System,f-dp9-milwaukeecountytransitsystem;f-dp9-milwaukeecountytransitsystem~rt
50009,o-dpc4-gotransitcityofoshkosh,operator,GO Transit,f-dpc4-oshkosh~wi~us
50010,o-dpq-metro,operator,Akron Metropolitan Regional Transit Authority,f-akronmetro~rt;f-dpq-metro
50011,o-dpq-sarta,operator,Stark Area Regional Transit Authority,f-stark~area~regional~transit~authority;f-stark~area~regional~transit~authority~rt
50012,o-dngy-southwestohioregionaltransitauthority,operator,Southwest Ohio Regional Transit Authority,f-cincinnatimetro~rt;f-dngy-southwestohioregionaltransitauthority
50015,o-dpmg-greaterclevelandregionaltransitauthority,operator,Greater Cleveland Regional Transit Authority,f-dpmg-rta;f-greaterclevelandregionaltransitauthority~rt
50016,o-dphg-centralohiotransitauthority,operator,Central Ohio Transit Authority,f-cota~rt;f-dphg-centralohiotransitauthority
50017,o-dph4-greaterdaytonrta,operator,Greater Dayton RTA,f-dph4-greaterdaytonrta;f-dph4-greaterdaytonrta~rt
50019,o-dp5b-butlercountyregionaltransitauthority,operator,Butler County Regional Transit Authority,f-butler~county~rta
50020,o-springfield~oh~us,operator,Springfield City Area Transit,f-springfield~oh~us
50021,o-dpq-parta,operator,Portage Area Regional Transportation Authority,f-portage~area~regional~transportation~authority;f-portage~area~regional~transportation~authority~rt
50022,o-dpks-toledoarearegionaltransitauthority,operator,Toledo Area Regional Transit Authority,f-toledo~area~regional~transit~authority;f-toledo~area~regional~transit~authority~rt
50024,o-dpq9-westernreservetransitauthority,operator,Western Reserve Transit Authority,f-western~reserve~transit~authority;f-western~reserve~transit~authority~rt
50025,o-cbq6-duluthtransitauthority,operator,Duluth Transit Authority,f-cbq6-duluthtransitauthority;f-duluthtransitauthority~rt
50027,o-9zv-metrotransit,operator,Metro Transit,f-9zv-twin~cities~minnesota;f-twin~cities~minnesota~rt
50028,o-st~cloud~metropolitan~transit~commission,operator,St. Cloud Metropolitan Transit Commission,f-st~cloud~metropolitan~transit~commission
50029,o-bay~metropolitan~transit~authority,operator,Bay Metropolitan Transit Authority,f-bay~metropolitan~transit~authority
50030,o-cityofbattlecreek~mi~us,operator,Battle Creek Transit,f-cityofbattlecreek~mi~us
50031,o-dps-smart,operator,Suburban Mobility Authority for Regional Transit,f-dps-smart;f-smart~mi~rt;f-smart~mi~rt~alerts
50032,o-dpsk-masstransportationauthorityflint,operator,Mass Transportation Authority Flint,f-dpsk-masstransportationauthorityflint;f-dpsk-masstransportationauthorityflint~rt
50033,o-dpe-therapid,operator,The Rapid,f-dpe-therapid;f-dpe-therapid~rt
50034,o-jackson~mi~us,operator,Jackson Area Transportation Authority,f-jackson~mi~us
50035,o-dpe0-kalamazoometrotransit,operator,Kalamazoo Metro Transit,f-dpe0-kalamazoometrotransit;f-dpe0-kalamazoometrotransit~rt
50036,o-dpeg-capitalareatransportationauthority,operator,Capital Area Transportation Authority,f-cata~rt;f-dpeg-capitalareatransportationauthority
50037,o-muskegon~area~transit,operator,Muskegon Area Transit System,f-muskegon~area~transit;f-muskegon~area~transit~rt
50039,o-stars~fixed~route~mi~us,operator,STARS Fixed Route,f-stars~fixed~route~mi~us
50040,o-dps2-annarborareatransportationauthority,operator,Ann Arbor Area Transportation Authority,f-dps2-annarborareatransportationauthority
50042,o-cityofeastchicago~in~us,operator,City of East Chicago,f-cityofeastchicago~in~us
50043,o-evansville~in~us,operator,Metropolitan Evansville Transit System,f-evansville~in~us
50044,o-dp73-citilink,operator,Fort Wayne Public Transportation Corporation,f-dp73-citilink
50045,o-gary~public~transportation~in~us,operator,Gary Public Transportation Corporation,f-gary~public~transportation~in~us
50047,o-dp0w-connecttransit,operator,Connect Transit,f-connecttransit~rt;f-dp0w-connecttransit~il~us
50050,o-dp4d-indygo,operator,Indianapolis Public Transportation Corporation,f-dp4d-indygo;f-indygo~rt
50051,o-dp4j-citybus,operator,CityBus of Greater Lafayette Indiana,f-dp4j-citybus;f-dp4j-citybus~rt
50052,o-sb~transpo~in~us,operator,South Bend Public Transportation Corporation,f-sb~transpo~in~us;f-sb~transpo~in~us~rt
50053,o-dp1b-terrehautetransit,operator,Terre Haute Transit,f-dp1b-terrehautetransit~in~us
50054,o-dp5k-indiana~mits,operator,Muncie Indiana Transit System,f-dp5k-indiana~mits
50056,o-dp0r-citylink,operator,Greater Peoria Mass Transit,f-dp0r-citylink;f-dp0r-citylink~rt
50057,o-9zrs-metrorockislandcountymetropolitanmasstransitdistrict,operator,Rock Island County Metropolitan Mass Transit District,f-9zrs-metrorockislandcountymetropolitanmasstransitdistrict
50058,o-rockford~mass~transit~district,operator,Rockford Mass Transit District,f-rockford~mass~transit~district
50059,o-dp04-smtd,operator,Sangamon Mass Transit District,f-dp04-smtd;f-dp04-smtd~rt
50060,o-dp1h-champaignurbanamasstransitdistrict,operator,Champaign Urbana Mass Transit District,f-dp1h-champaignurbanamasstransitdistrict
50061,o-decatur~il~us,operator,Decatur Public Transit System,f-decatur~il~us
50066,o-dp3-chicagotransitauthority,operator,Chicago Transit Authority,f-dp3-cta
50088,o-dpc8-shorelinemetro,operator,Shoreline Metro,f-dpc8-sheboygan~wi~us
50090,o-richland~county~transit,operator,Richland County Transit,f-richland~county~transit
50091,o-dpbrb-metroride,operator,Metro Ride,f-wausau~wi~us
50092,o-9zy4-rochesterpublictransit,operator,Rochester Public Transit,f-rochester~mn~us;f-rochester~mn~us~paratransit;f-rochester~mn~us~rt
50093,o-acrta~oh~us,operator,Allen County Regional Transit Authority,f-acrta~oh~us
50095,o-lorain~county~oh~us,operator,Lorain County Transit,f-lorain~county~oh~us
50096,o-dp9k-waukeshacountytransit,operator,Waukesha County Transit,f-dp9k-waukeshacounty~wi~us;f-dp9k-waukeshacounty~wi~us~rt;f-megabus~us
50098,o-cityofmichigan~in~us,operator,City of Michigan,f-cityofmichigan~in~us
50099,o-9zyy-eauclairetransit,operator,Eau Claire Transit,f-9zyy-eauclairetransit
50104,o-dp3-northernindianacommutertransportationdistrict,operator,Northern Indiana Commuter Transportation District,f-northern~indiana~commuter~transportation~district
50108,o-dp8d-janesvilletransitsystem,operator,Janesville Transit System,f-dp8d-jts~wi~us
50109,o-dp89-beloittransitsystem,operator,Beloit Transit System,f-dp89-beloittransit~wi~us;f-dp89-beloittransit~wi~us~rt
50110,o-dnfq-bloomingtontransit,operator,Bloomington Transit,f-dnfq-bloomingtontransit;f-dnfq-bloomingtontransit~rt
50113,o-dp3-pace,operator,Pace Suburban Bus,f-dp3-pace;f-dp3-pace~rt
50117,o-dpq-laketran,operator,Laketran,f-dpq-lakecounty~oh~us
50118,o-dp3-metra,operator,Metra,f-dp3-metra;f-metra~rt
50119,o-dpsc-detroitdepartmentoftransportation,operator,Detroit Department of Transportation,f-dpsc-detroitdepartmentoftransportation;f-dpsc-detroitdepartmentoftransportation~rt
50132,o-twincitiesareatransportationauthority~mi~us,operator,Twin Cities Area Transportation Authority,f-twincitiesareatransportationauthority~mi~us
50141,o-dpsby4-detroitpeoplemover,operator,Detroit People Mover,f-dpsby4-detroitpeoplemover
50142,o-steel~valley~regional~transit~authority,operator,Steel Valley Regional Transit Authority,f-steel~valley~regional~transit~authority
50145,o-city~of~kokomo,operator,City of Kokomo,f-city~of~kokomo;f-city~of~kokomo~rt
50146,o-madison~county~transit~il~us,operator,Madison County Transit,f-madison~county~transit~il~us
50148,o-blue~water~area~transportation~commission,operator,Blue Water Area Transit,f-blue~water~area~transportation~commission
50149,o-macog,operator,Interurban Trolley,f-macog;f-macog~rt
50157,o-dp5b-butlercountyregionaltransitauthority,operator,Butler County Regional Transit Authority,f-butler~county~rta
50158,o-dps2w-universityofmichigantransitservices,operator,University of Michigan Transit Services,f-dps2w-universityofmichigantransitservices;f-dps2w-universityofmichigantransitservices~rt
50159,o-rivervalleymetromasstransitdistrict~il~us,operator,River Valley Metro Mass Transit District,f-rivervalleymetromasstransitdistrict~il~us
50163,o-licking~county~ohio,operator,Licking County Transit,f-licking~county~ohio
50164,o-dpm5-sanduskytransitsystem,operator,Sandusky Transit System,f-sandusky
50166,o-clermont~county~oh~us,operator,Clermont Transportation Connection,f-clermont~county~oh~us
50171,o-fond~du~lac,operator,Fond du Lac Area Transit,f-fond~du~lac
50174,o-danville~il~us,operator,Danville Mass Transit,f-danville~il~us;f-danville~il~us~rt
50176,o-dp2y-dekalbpublictransit,operator,DeKalb Public Transit,f-cityofdekalb~il~us
50177,o-columbus~in~us,operator,City of Columbus,f-columbus~in~us;f-columbus~in~us~rt
50182,o-dp3-pace,operator,Pace Suburban Bus,f-dp3-pace;f-dp3-pace~rt
50183,o-dp6-valparaisotransit,operator,Valparaiso Transit,f-valpotransit~chi~us
50184,o-macatawa~area~express,operator,Macatawa Area Express,f-macatawa~area~express
50186,o-lawrence~county~transit~oh~us,operator,Lawrence County Transit,f-lawrence~county~transit~oh~us
50196,o-harbortransit~mi~us,operator,Harbor Transit Multi-Modal Transportation System,f-harbortransit~mi~us
50204,o-jax~il~us,operator,Jackson County Mass Transit District,f-jax~il~us
50205,o-mankato~mn~us,operator,Greater Mankato Transit System,f-mankato~mn~us;f-mankato~mn~us~flex
50209,o-central~indiana~regional~transportation~authority,operator,Central Indiana Regional Transportation Authority,f-central~indiana~regional~transportation~authority
50211,o-rides~mass~transit~district~il~us,operator,Rides Mass Transit District,f-rides~mass~transit~district~il~us
50213,o-dpsbv-qlinedetroit,operator,QLine,f-qline~mi~rt;f-qline~mi~us
50217,o-iosco~transit~corporation~mi~us,operator,Iosco Transit Corporation,f-iosco~transit~corporation~mi~us~flex
50225,o-arenac~public~transit~authority~mi~us,operator,Arenac Public Transit Authority,f-arenac~public~transit~authority~mi~us~flex
50226,o-dunncountytransitcommission~wi~us,operator,Dunn County Transit Commission,f-dunncountytransitcommission~wi~us
50232,o-macomb~il~us,operator,McDonough County Public Transportation,f-macomb~il~us
50233,o-thunder~bay~transportation~authority~mi~us,operator,Thunder Bay Transportation Authority,f-thunder~bay~transportation~authority~mi~us~flex
50241,o-easternupperpeninsulatransportationauthority~mi~us,operator,Eastern Upper Peninsula Transportation Authority,f-easternupperpeninsulatransportationauthority~mi~us
50242,o-roscommon~county~transportation~authority~mi~us,operator,Roscommon County Transportation Authority,f-roscommon~county~transportation~authority~mi~us~flex
50244,o-isabella~county~transportation~commission,operator,Isabella County Transportation Commission,f-isabella~county~transportation~commission
50249,o-cityofrichmond~in~us,operator,City of Richmond,f-cityofrichmond~in~us
50256,o-accessjohnsoncounty~in~us,operator,Access Johnson County,f-accessjohnsoncounty~in~us;f-central~indiana~regional~transportation~authority
50258,o-cityofquincy~il~us,operator,City of Quincy,f-cityofquincy~il~us
50260,o-eatoncountytransportationauthority~mi~us,operator,Eaton County Transportation Authority,f-eatoncountytransportationauthority~mi~us
50269,o-c~carts~il~us,operator,C-CARTS,f-c~carts~il~us
50275,o-knox~county~oh~us,operator,Knox County Transit,f-knox~county~oh~us
50276,o-four~rivers~resource~services,operator,Four Rivers Resource Services,f-four~rivers~resource~services
50278,o-dnvx-athenspublictransit,operator,Athens Public Transit,f-dnvx-athenspublictransit;f-dnvx-athenspublictransit~rt
50281,o-cass~county~council~on~aging,operator,Cass County Council on Aging,f-cass~county~council~on~aging
50282,o-kalkaska~public~transit~authority~mi~us,operator,Kalkaska Public Transit Authority,f-kalkaska~public~transit~authority~mi~us;f-kalkaska~public~transit~authority~mi~us~flex
50285,o-straits~regional~ride~mi~us,operator,Straits Regional Ride,f-straits~regional~ride~mi~us~flex
50289,o-kabs~in~us,operator,Kosciusko Area Bus Service,f-kabs~in~us
50295,o-ruskcountytransitcommission~wi~us,operator,Rusk County Transit Commission,f-ruskcountytransitcommission~wi~us
50302,o-city~of~washington,operator,City of Washington,f-city~of~washington
50308,o-area~10~rural~transit~in~us,operator,Area 10 Rural Transit,f-area~10~rural~transit~in~us
50313,o-charlevoix~county~transit~mi~us,operator,Charlevoix County Transit,f-charlevoix~county~transit~mi~us~flex
50315,o-shawnee~mtd~il~us,operator,Shawnee MTD,f-shawnee~mtd~il~us
50327,o-south~central~illinois~mass~transit~district,operator,South Central Illinois Mass Transit District,f-south~central~illinois~mass~transit~district
50334,o-prairiefiverides,operator,Prairie Five RIDES,f-prairefive~mn~us
50337,o-branchareatransitauthority~mi~us,operator,Branch Area Transit Authority,f-branchareatransitauthority~mi~us
50341,o-seat~oh~us,operator,South East Area Transit,f-seat~oh~us
50344,o-ogemaw~county~public~transit~mi~us,operator,Ogemaw County Public Transit,f-ogemaw~county~public~transit~mi~us~flex
50347,o-blue~river~services,operator,Blue River Services,f-blue~river~services
50349,o-winona~mn,operator,Winona Transit Service,f-winona~mn;f-winona~mn~us~flex
50359,o-stevens~point~wi,operator,Stevens Point Transit,f-stevens~point~wi;f-stevens~point~wi~rt
50369,o-manistee~county~transportation~mi~us,operator,Manistee County Transportation,f-manistee~county~transportation~mi~us~flex
50374,o-cadillac~wexford~transportation~authority~mi~us,operator,Cadillac / Wexford Transportation Authority,f-cadillac~wexford~transportation~authority~mi~us~flex
50383,o-vanburencountyboardofcommissioners~mi~us,operator,Van Buren County Board of Commissioners,f-vanburencountyboardofcommissioners~mi~us
50384,o-browncountyheartlandexpress,operator,Brown County Heartland Express,f-browncounty~mn~us
50386,o-houghton~mi~us,operator,Houghton Public Transit,f-houghton~mi~us
50390,o-ashtabula~county~transportation~oh~us,operator,Ashtabula County Transportation System,f-ashtabula~county~transportation~oh~us
50392,o-vincennestrolley~in~us,operator,Vincennes Trolley,f-vincennestrolley~in~us
50395,o-gladwin~transit~authority~mi~us,operator,Gladwin Transit Authority,f-gladwin~transit~authority~mi~us~flex
50397,o-hubbardcountyheartlandexpress,operator,Hubbard County Heartland Express,f-hubbardcounty~mn~us
50401,o-bayarearuraltransitcommission~wi~us,operator,Bay Area Rural Transit Commission,f-bayarearuraltransitcommission~wi~us
50406,o-link~lines~loops~oh~us,operator,LINK Lines (Loops),f-link~lines~loops~oh~us
50410,o-fayette~madison~transit~oh~us,operator,Fayette Madison Transit,f-fayette~madison~transit~oh~us
50413,o-dpg-bayareatransportationauthority,operator,Bay Area Transportation Authority,f-bay~area~transportation~authority~mi;f-bay~area~transportation~authority~mi~rt
50427,o-marquette~county~transit~authority,operator,Marquette County Transit Authority,f-marquette~county~transit~authority
50429,o-chillicothe~oh~us,operator,Chillicothe Transit System,f-chillicothe~oh~us
50431,o-cityofplatteville~wi~us,operator,City of Platteville,f-cityofplatteville~wi~us
50433,o-trips~sandusky~county~oh~us,operator,Transportation Resources For Independent People of Sandusky,f-trips~sandusky~county~oh~us
50434,o-picca~transit~oh~us,operator,Pickaway Area Rural Transit,f-picca~transit~oh~us
50436,o-st~joseph~county~transportation~authority,operator,St. Joseph County Transportation Authority,f-st~joseph~county~transportation~authority
50437,o-cityofbigrapids~mi~us,operator,City of Big Rapids,f-cityofbigrapids~mi~us
50438,o-hocking~athens~perry~community~action~hapcap~oh~us,operator,Hocking Athens Perry Community Action (HAPCAP),f-hocking~athens~perry~community~action~hapcap~oh~us
50440,o-north~central~area~transit~oh~us,operator,North Central Area Transit,f-north~central~area~transit~oh~us
50442,o-countyoflacrosse~wi~us,operator,County of La Crosse,f-countyoflacrosse~wi~us
50447,o-colescounty~il~us,operator,Coles County,f-colescounty~il~us
50450,o-smart~mn~us,operator,SMART,f-smart~mn~us
50453,o-clare~county~transit~mi~us,operator,Clare County Transit Corporation,f-clare~county~transit~mi~us~flex
50457,o-benzie~transportation~authority~mi~us,operator,Benzie Transportation Authority,f-benzie~transportation~authority~mi~us~flex
50461,o-cityofmanitowoc~wi~us,operator,City of Manitowoc,f-cityofmanitowoc~wi~us
50464,o-pikecountycommunityactiontransitsystem~oh~us,operator,Pike County/Community Action Transit System,f-pikecountycommunityactiontransitsystem~oh~us
50471,o-prairielandtransit,operator,Prairieland Transit,f-prairielandtransit~mn~us
50474,o-tricaptransitconnection,operator,Tri-Cap Transit Connection,f-tricap~mn~us
50476,o-yates~dial~a~ride~mi~us,operator,Yates Dial-A-Ride,f-yates~dial~a~ride~mi~us;f-yates~dial~a~ride~mi~us~flex
50485,o-marion~in~us,operator,Marion Transit,f-marion~in~us
50487,o-cityofsaultsaintemarie~mi~us,operator,City of Sault Sainte Marie,f-cityofsaultsaintemarie~mi~us
50489,o-paulbunyantransit,operator,Paul Bunyan Transit,f-paulbunyantransit~mn~us
50493,o-westcentralindianaeconomicdevelopmentdistrict~in~us,operator,Thrive West Central,f-westcentralindianaeconomicdevelopmentdistrict~in~us
50502,o-galesburg~il~us,operator,Galesburg Transit,f-galesburg~il~us
50503,o-crawford~county~transportation~authority~mi~us,operator,Crawford County Transportation Authority,f-crawford~county~transportation~authority~mi~us~flex
50510,o-hiawathalandtransit,operator,Hiawathaland Transit,f-threerivers~mn~us
50515,o-9zvxy-universityofminnesota,operator,University of Minnesota,f-9zv-twin~cities~minnesota;f-twin~cities~minnesota~rt
50516,o-cbj8-plymouth,operator,Plymouth,f-9zv-twin~cities~minnesota;f-twin~cities~minnesota~rt
50517,o-cbj8-maplegrove,operator,Maple Grove,f-9zv-twin~cities~minnesota;f-twin~cities~minnesota~rt
50518,o-9zvx-southwesttransit,operator,SouthWest Transit,f-9zv-twin~cities~minnesota;f-twin~cities~minnesota~rt
50519,o-9zvw-mvta,operator,Minnesota Valley Transit Authority,f-9zvw-mvta~metro;f-9zvw-mvta~metro~rt
50520,o-arrowheadatkinscounty~mn~us,operator,"Arrowhead Economic Opportunity Agency, Inc.",f-arrowheadatkinscounty~mn~us
50521,o-chicagowatertaxi~il~us,operator,Chicago Water Taxi,f-chicagowatertaxi~il~us
50522,o-lake~erie~mi~us,operator,Lake Erie Transit,f-lake~erie~mi~us
50560,o-villageofnorridge~il~us,operator,Village of Norridge,f-villageofnorridge~il~us
50561,o-tritoncollege~il~us,operator,Triton College,f-tritoncollege~il~us
50569,o-chicago~state~university~il~us,operator,Chicago State University,f-chicago~state~university~il~us
50571,o-d2a2~mi~us,operator,D2A2,f-d2a2~mi~us
50571,o-dax~mi~us,operator,DAX,f-d2a2~mi~us
55228,o-menomineeindiantribeofwisconsin~wi~us,operator,Menominee Indian Tribe of Wisconsin,f-menomineeindiantribeofwisconsin~wi~us
55246,o-fonddulacreservation~mn~us,operator,Fond du Lac Reservation,f-fonddulacreservation~mn~us
55252,o-boisfortebandofchippewa~mn~us,operator,Bois Forte Band of Chippewa,f-boisfortebandofchippewa~mn~us
55258,o-leechlakebandofojibwe~mn~us,operator,Leech Lake Band of Ojibwe,f-leechlakebandofojibwe~mn~us
55270,o-whiteearthbandofchippewa~mn~us,operator,White Earth Public Transit,f-whiteearthbandofchippewa~mn~us
55282,o-badriverbandoflakesuperiortribeofchippewa~wi~us,operator,Bad River Band of Lake Superior Tribe of Chippewa,f-badriverbandoflakesuperiortribeofchippewa~wi~us
55312,o-the~hop~mke,operator,City of Milwaukee,f-the~hop~mke
55314,o-centralcommunitytransit,operator,Central Community Transit,f-cctbus~mn~us
55319,o-oneidavilastransitcommission~wi~us,operator,Oneida-Vilas Transit Commission,f-oneidavilastransitcommission~wi~us
55320,o-prairielakestransit,operator,Prairie Lakes Transit,f-prairielakes~mn~us
55322,o-westernwashtenawareavalueexpress~mi~us,operator,Western-Washtenaw Area Value Express,f-westernwashtenawareavalueexpress~mi~us
55326,o-unitedcommunityactionpartnership,operator,Community Transit,f-unitedcap~mn~us
55681,o-waygo~oh~us,operator,WayGo,f-waygo~oh~us
60001,o-9wr8-amarillocitytransit,operator,Amarillo City Transit,f-amarillo~city~transit
60006,o-9tsk-sunmetro,operator,Sun Metro,f-9tsk-sunmetro
60007,o-9vff-fortworthtransportationauthority,operator,Trinity Metro,f-9vff-fortworthtransportationauthority
60008,o-9vk-metropolitantransitauthorityofharriscounty,operator,Metropolitan Transit Authority of Harris County,f-9vk-metropolitantransitauthorityofharriscounty;f-metropolitantransitauthorityofharriscounty~rt
60009,o-laredo~tx~us,operator,El Metro Transit,f-laredo~tx~us
60010,o-9tzw-citibus,operator,Citibus,f-lubbock~tx~us;f-lubbock~tx~us~rt;f-lubbock~tx~us~rt~alerts
60011,o-9v1z-viametropolitantransit,operator,VIA Metropolitan Transit,f-9v1z-viametropolitantransit;f-via~rt
60012,o-waco~transit,operator,Waco Transit System,f-waco~silo~tx~us;f-waco~transit
60013,o-portarthurtransit~tx~us,operator,Port Arthur Transit,f-portarthurtransit~tx~us
60014,o-brownsville~tx~us,operator,Brownsville Metro,f-brownsville~tx~us
60015,o-galveston~tx~us,operator,Galveston Island Transit,f-galveston~tx~us
60016,o-cityofbeaumont~tx~us,operator,City of Beaumont,f-cityofbeaumont~tx~us
60017,o-9y69-embark,operator,Central Oklahoma Transportation and Parking Authority,f-9y69-embark;f-embarknorman~ok~rt
60018,o-9y7v-metropolitantulsatransitauthority,operator,Metropolitan Tulsa Transit Authority,f-9y7v-metropolitantulsatransitauthority;f-metropolitantulsatransitauthority~rt
60019,o-9whp-abqride,operator,City of Albuquerque Transit Department,f-9whp-abqride;f-abqride~rt;f-abqride~rt~alerts
60022,o-baton~rouge~cats,operator,Capital Area Transit System,f-baton~rouge~cats;f-baton~rouge~cats~rt
60023,o-lake~charles~la~us,operator,Lake Charles Transit,f-lake~charles~la~us
60024,o-sportran,operator,Shreveport Area Transit System,f-sportran;f-sportran~rt
60025,o-alexandria~la~us,operator,Alexandria Transit System,f-alexandria~la~us
60026,o-monroe~la~us,operator,Monroe Transit,f-monroe~la~us
60032,o-9vrf-neworleansrta,operator,New Orleans Regional Transit Authority,f-9vrf-neworleansrta
60033,o-9ynm-centralarkansastransitauthority,operator,Rock Region Metro,f-9ynm-centralarkansastransitauthority;f-9ynm-centralarkansastransitauthority~rt
60034,o-cityofpinebluff~ar~us,operator,City of Pine Bluff,f-cityofpinebluff~ar~us
60035,o-wichita~falls~tx~us,operator,Wichita Falls Transit System,f-wichita~falls~tx~us
60038,o-lafayette~la,operator,Lafayette Transit System,f-lafayette~la;f-lafayette~la~rt
60040,o-abilene~tx~us,operator,Abilene CityLink,f-abilene~tx~us
60048,o-9v6-capitalmetro,operator,Capital Metro,f-9v6-capitalmetro;f-capitalmetro~rt;f-capitalmetro~rt~alerts
60049,o-9tsp-roadrunnertransit,operator,RoadRUNNER Transit,f-las~cruces~road~runner;f-las~cruces~road~runner~rt
60051,o-9uft-corpuschristiregionaltransportationauthority,operator,Corpus Christi Regional Transportation Authority,f-corpus~christi~regional~transportation~authority;f-corpus~christi~regional~transportation~authority~rt
60056,o-9vg-dallasarearapidtransit,operator,Dallas Area Rapid Transit,f-9vg-dallasarearapidtransit
60058,o-st~bernard~parish,operator,St. Bernard Urban Rapid Transit,f-st~bernard~parish
60059,o-brazos~transit~district~tx~us,operator,Brazos Transit District,f-brazos~transit~district~tx~us
60062,o-universityofarkansas~ar~us,operator,University of Arkansas,f-universityofarkansas~ar~us;f-universityofarkansas~ar~us~rt
60072,o-ozark~regional~transit,operator,Ozark Regional Transit,f-ozark~regional~transit;f-ozark~regional~transit~rt
60077,o-9wkd-santafetrails,operator,Santa Fe Trails,f-santa~fe~trails
60080,o-terrebonne~parish~consolidated~government,operator,Terrebonne Parish Consolidated Government,f-terrebonne~parish~consolidated~government
60081,o-longview~transit~tx~us,operator,Longview Transit,f-longview~transit~tx~us
60086,o-fort~smith~ar~us,operator,Fort Smith Transit,f-fort~smith~ar~us
60088,o-jefferson~parish,operator,Jefferson Parish Transit,f-jefferson~parish;f-jefferson~parish~rt
60090,o-valleymetro~weslaco~tx~us,operator,Lower Rio Grande Valley Development Council Valley Metro,f-valleymetro~weslaco~tx~us
60091,o-hctd~tx~us,operator,Hill Country Transit District,f-hctd~tx~us
60093,o-texarkana~urban~transit~district,operator,Texarkana Urban Transit District,f-texarkana~urban~transit~district
60094,o-cityoflawton~ok~us,operator,City of Lawton,f-cityoflawton~ok~us
60095,o-goldencrescentrpc~tx~us,operator,Golden Crescent Regional Planning Commission,f-goldencrescent~commuter~tx~us;f-victoriatransit~tx~us
60096,o-9y68-clevelandarearapidtransitcart,operator,Campus Area Rapid Transit,f-9y68-clevelandarearapidtransitcart;f-9y68-clevelandarearapidtransitcart~rt
60097,o-midland~odessa~urban~transit~district,operator,Midland-Odessa Urban Transit District,f-midland~odessa~urban~transit~district
60099,o-mcallen~tx~us,operator,Metro McAllen,f-mcallen~tx~us
60100,o-9we1-redappletransit,operator,Red Apple Transit,f-9we1-redappletransit~nm~us
60101,o-9vfu-dentoncountytransportationauthority,operator,Denton County Transportation Authority,f-9vfu-dentoncountytransportationauthority;f-dentoncountytransportationauthority~rt
60102,o-concho~valley~tx~us,operator,Concho Valley Transit District,f-concho~valley~tx~us;f-concho~valley~tx~us~rt
60103,o-fortbendcountytexas~tx~us,operator,"Fort Bend County, Texas",f-fortbendcountytexas~tx~us
60104,o-9yreb-jet,operator,Jonesboro Economical Transportation,f-9yreb-jet
60105,o-hot~springs~ar~us,operator,Hot Springs Intracity Transit,f-hot~springs~ar~us
60111,o-9wh-riometroregionaltransitdistrict,operator,Rio Metro Regional Transit District,f-9wh-riometroregionaltransitdistrict
60113,o-cleburne~tx~us,operator,Cleburne City/County Transportation,f-cleburne~tx~us
60114,o-9vg3-startransit,operator,STAR Transit,f-9vg3-startransit~tx~us
60118,o-edmond~ok~us,operator,Citylink Edmond,f-edmond~ok~us;f-edmond~ok~us~rt
60125,o-9v6-capitalmetro,operator,Capital Metro,f-9v6-capitalmetro;f-capitalmetro~rt;f-capitalmetro~rt~alerts
60129,o-cityofconroe~tx~us,operator,City of Conroe,f-cityofconroe~tx~us
60130,o-alamo~regional~transit~tx~us,operator,Alamo Regional Transit,f-alamo~regional~transit~tx~us
60133,o-mckinney~avenue~transit~authority,operator,McKinney Avenue Transit Authority,f-mckinney~avenue~transit~authority
60134,o-thewoodlandstownship~tx~us,operator,The Woodlands Township,f-thewoodlandstownship~tx~us
60138,o-9wk-ncrtd,operator,North Central Regional Transit District,f-ncrtd~nm;f-ncrtd~nm~rt
60145,o-arktexcouncilofgovernments~tx~us,operator,Ark-Tex Council of Governments,f-arktexcouncilofgovernments~tx~us
60147,o-klebergcounty~tx~us,operator,Kleberg County,f-klebergcounty~tx~us
60151,o-grant~county,operator,Grant County,f-grant~county
60152,o-cityofdelrio~tx~us,operator,City of Del Rio,f-cityofdelrio~tx~us
60159,o-southplainscommunityactionassociationinc~tx~us,operator,Spartan Public Transportation,f-southplainscommunityactionassociationinc~tx~us
60160,o-osu~stillwater~community~transit,operator,OSU-Stillwater Community Transit,f-osu~stillwater~community~transit
60161,o-eureka~springs~ak~us,operator,Eureka Springs Transit,f-eureka~springs~ak~us
60167,o-roswell~nm~us,operator,Roswell Transit,f-roswell~nm~us
60173,o-south~padre~island,operator,South Padre Island Metro,f-south~padre~island
60179,o-el~paso~county,operator,El Paso Transportation Authority,f-el~paso~county;f-el~paso~county~rt
60184,o-9tvbk-carlsbadmunicipaltransitsystem,operator,Carlsbad Municipal Transit System,f-9tvbk-carlsbadmunicipaltransitsystem
60185,o-webbcounty~tx~us,operator,El Aguila Rural Transit System,f-webbcounty~tx~us
60186,o-easttexascouncilofgovernments~tx~us,operator,East Texas Council of Governments,f-easttexascouncilofgovernments~tx~us
60190,o-hobbs~nm~us,operator,Hobbs Express,f-hobbs~nm~us
60196,o-tangipahoa~voluntary~council~on~aging,operator,Tangi Transit,f-tangipahoa~voluntary~council~on~aging
60203,o-muskogeecountypublictransitauthority~ok~us,operator,Muskogee County Public Transit Authority,f-muskogeecountypublictransitauthority~ok~us
60206,o-ziatherapycenterinc~nm~us,operator,Ztrans Public Transportation,f-ziatherapycenterinc~nm~us
60214,o-logan~county~historical~society,operator,First Capital Trolley,f-logan~county~historical~society
60215,o-9wkk-atomiccitytransit,operator,Atomic City Transit,f-atomic~city~transit
60224,o-the~community~pantry,operator,The Community Pantry,f-the~community~pantry
60256,o-southwestarearegionaltransitdistrict~tx~us,operator,Southwest Area Regional Transit District,f-southwestarearegionaltransitdistrict~tx~us
60262,o-centraltexasruraltransitdistrict~tx~us,operator,Central Texas Rural Transit District,f-centraltexasruraltransitdistrict~tx~us
60269,o-texas~state~san~marcos,operator,Bobcat Transit,f-texas~state~san~marcos;f-texas~state~san~marcos~rt
60273,o-utrgv~tx~us,operator,University of Texas Rio Grande Valley,f-utrgv~tx~us
60274,o-south~texas~college~tx~us,operator,South Texas College,f-south~texas~college~tx~us
60275,o-gulfcoasttransitdistrict~tx~us,operator,Gulf Coast Transit District,f-gulfcoasttransitdistrict~tx~us
60276,o-plaqueminesportharborandterminaldistrict~la~us,operator,"Plaquemines Port, Harbor and Terminal District",f-plaqueminesportharborandterminaldistrict~la~us
60278,o-tamu~tx~us,operator,Texas A&M University,f-tamu~tx~us
66170,o-muscogeecreeknation~ok~us,operator,Muscogee (Creek) Nation,f-muscogeecreeknation~ok~us
66194,o-cheyennearapahotribes~ok~us,operator,Cheyenne & Arapaho Tribes,f-cheyennearapahotribes~ok~us
66242,o-zuni~pueblo,operator,Zuni Pueblo,f-zuni~pueblo
66271,o-capital~area~rural~transportation,operator,Capital Area Rural Transportation,f-capital~area~rural~transportation
66276,o-waco~transit~tx~us,operator,Waco Transit,f-waco~transit~tx~us
66283,o-south~central~regional~transit~district,operator,South Central Regional Transit District,f-south~central~regional~transit~district
66341,o-9y69-embark,operator,Central Oklahoma Transportation and Parking Authority,f-9y69-embark;f-embarknorman~ok~rt
66343,o-san~marcos~tx~us,operator,San Marcos Transit,f-san~marcos~tx~us
70001,o-9z70-lincolnstartran,operator,StarTran,f-9z70-lincolnstartran;f-9z70-lincolnstartran~rt
70002,o-9z7d-root,operator,Transit Authority of the City of Omaha,f-omaha~metro
70003,o-springfield~mo~us,operator,City Utilities of Springfield,f-springfield~mo~us
70005,o-9yu-kcata,operator,Kansas City Area Transportation Authority,f-9yu-kcata;f-kcata~rt
70006,o-9yzg-metrostlouis,operator,Metro St. Louis,f-9yzg-metrostlouis;f-saintlouis~rt;f-stl~loop~trolley
70007,o-bettendorf~ia~us,operator,Bettendorf Transit,f-bettendorf~ia~us
70008,o-9zqy-cedarrapidstransit,operator,Cedar Rapids Transit,f-9zqy-cedarrapidstransit
70009,o-citibus~ia~us,operator,Davenport Citibus,f-citibus~ia~us;f-davenport~citi~bus
70010,o-9zmk-desmoinesarearegionaltransitauthority,operator,Des Moines Area Regional Transit Authority,f-9zmk-desmoinesarearegionaltransitauthority;f-desmoinesarearegionaltransitauthority~rt
70011,o-9zx9-thejule,operator,The Jule,f-9zx9-thejule
70012,o-9ze3-siouxcitytransitsystem,operator,Sioux City Transit System,f-9ze3-755
70013,o-9zw3-metropolitantransitauthorityofblackhawkcounty,operator,Metropolitan Transit Authority of Black Hawk County,f-met~transit~ia
70014,o-9ygy-topekametro,operator,Topeka Metro,f-topeka~metro
70015,o-9ydy-wichitatransit,operator,Wichita Transit,f-9ydy-wichitatransit;f-9ydy-wichitatransit~rt
70016,o-go~como,operator,City of Columbia,f-go~como
70018,o-9zqu-iowacitytransitsystem,operator,Iowa City Transit System,f-iowacitytransitsystem~rt;f-iowa~city~transit
70019,o-9zqvh-universityofiowa~cambus,operator,University of Iowa,f-9zqvh-cambus~ia~us;f-iowacitytransitsystem~rt
70030,o-9zqv-coralvilletransit,operator,Coralville Transit,f-9zqv-coralvilletransitsystem~ia~us;f-iowacitytransitsystem~rt
70032,o-city~of~st~joseph~mo,operator,City of St. Joseph Transit,f-city~of~st~joseph~mo
70035,o-9yum-thejo,operator,RideKC Johnson County Transit,f-9yum-thejo
70040,o-cityofjoplin~mo~us,operator,City of Joplin,f-cityofjoplin~mo~us
70041,o-9zmr-cyride,operator,CyRide,f-cyride
70043,o-jefferson~mo~us,operator,Jefferson City Transit Division,f-jefferson~mo~us
70044,o-9yum-kuonwheels~lawrencetransitsystem,operator,KU on Wheels & Lawrence Transit System,f-9yum-kuonwheels~lawrencetransitsystem
70047,o-wycokck~unifiedgovernment~ks~us,operator,Unified Government of Wyandotte County Transportation Department,f-wycokck~unifiedgovernment~ks~us
70048,o-9yum-kuonwheels~lawrencetransitsystem,operator,KU on Wheels & Lawrence Transit System,f-9yum-kuonwheels~lawrencetransitsystem
70050,o-southeastmissouristateuniversity~mo~us,operator,Southeast Missouri State University,f-southeastmissouristateuniversity~mo~us
70051,o-cgcta~mo~us,operator,Cape Girardeau County Transit Authority,f-cgcta~mo~us;f-cgcta~mo~us~rt
70053,o-ata~bus~ks,operator,Flint Hills Area Transportation Agency,f-ata~bus~ks;f-ata~bus~ks~rt;f-ata~bus~ks~rt~alerts
70060,o-developmental~services~of~northwest~kansas~inc,operator,"Developmental Services of Northwest Kansas, Inc.",f-developmental~services~of~northwest~kansas~inc
70070,o-finneycounty~ks~us,operator,Finney County,f-finneycounty~ks~us
70078,o-southeastkansascommunityactionprogram~ks~us,operator,Southeast Kansas Community Action Program,f-southeastkansascommunityactionprogram~ks~us
70092,o-9zmzj-marshalltownmunicipaltransit,operator,Marshalltown Municipal Transit,f-9zmzj-767
70101,o-9zr78-muscabus,operator,MuscaBus,f-9zr78-muscabus
70108,o-9zt1b-dodgerarearapidtransit,operator,Dodger Area Rapid Transit,f-9zt1b-dodgerarearapidtransit
70111,o-9zr0n-burlingtonurbanservice,operator,Burlington Urban Service,f-9zr0n-759
70138,o-corridorrides,operator,CorridorRides,f-corridorrides;f-utel~uiuc~intercity~bus
70139,o-cityofdodgecity~ks~us,operator,City of Dodge City,f-cityofdodgecity~ks~us
70156,o-northfork~ne~us~flex,operator,Community Concern,f-northfork~ne~us~flex
70162,o-cityofexcelsiorsprings~mo~us,operator,City of Excelsior Springs,f-cityofexcelsiorsprings~mo~us
70173,o-9zry5-clintonmta,operator,Clinton MTA,f-9zry5-clintonmta
70180,o-reno~county~ks~us,operator,Reno County Area Transit,f-reno~county~ks~us
70183,o-tricityroadrunner~ne~us~flex,operator,Scotts Bluff Public Transit,f-tricityroadrunner~ne~us;f-tricityroadrunner~ne~us~flex
70200,o-kimballcountytransit,operator,Kimball County Transit Service,f-kimballcountytransit~ne~us
70227,o-cityofliberal~ks~us,operator,City of Liberal,f-cityofliberal~ks~us
70242,o-9zq4g-10~15transit,operator,10-15 Transit,f-9zq4g-762
70248,o-lyon~county~ks~us,operator,Lyon County Area Transportation,f-lyon~county~ks~us
70260,o-9ztt-masoncitypublictransit,operator,Mason City Public Transit,f-9ztt-masoncitypublictransit
77086,o-newbourbonregionalportauthority~mo~us,operator,New Bourbon Regional Port Authority,f-newbourbonregionalportauthority~mo~us
80001,o-9x0-utahtransitauthority,operator,Utah Transit Authority,f-9x0-uta;f-9x0-uta~rt
80002,o-9zep-siouxareametro,operator,Sioux Area Metro,f-9zep-siouxareametro~sd~us;f-9zep-siouxareametro~sd~us~rt
80003,o-cb74-matbus,operator,Fargo Moorhead Metro Area Transit,f-cb74-matbus;f-cb74-matbus~rt
80004,o-billings~mt~us,operator,Billings Metropolitan Transit,f-billings~mt~us;f-billings~mt~us~rt
80005,o-9wvk-mountainmetropolitantransit,operator,Mountain Metropolitan Transit,f-9wvk-mountainmetropolitantransit
80006,o-9xj-regionaltransportationdistrict,operator,Denver Regional Transportation District,f-9xj-rtd;f-denver~rtd~flex;f-rtddenver~rt
80007,o-pueblo~co~us,operator,Pueblo Transit,f-pueblo~co~us;f-pueblo~co~us~flex
80008,o-cbdbx-citiesareatransit,operator,Cities Area Transit,f-cbdbx-citiesareatransit;f-citiesareatransit~rt
80009,o-c2qf-mountainline,operator,Missoula Urban Transportation District (MUTD),f-c2qf-mountainline;f-c2qf-mountainline~rt
80010,o-greeley~evans~transit,operator,Greeley-Evans Transit,f-greeley~evans~transit
80011,o-9xj-transfortcityoffortcollins,operator,Transfort,f-9xj-transfortcityoffortcollins;f-transfort~co~us~flex
80012,o-great~falls~transit~district~mt,operator,Great Falls Transit District,f-great~falls~transit~district~mt
80013,o-casper~wy~us,operator,Casper Area Transit,f-casper~wy~us;f-casper~wy~us~rt
80014,o-rapid~city~sd~us,operator,Rapid Transit System,f-rapid~city~sd~us
80016,o-9wfy-grandvalleytransit,operator,Grand Valley Transit,f-9wfy-grandvalleytransit;f-grandvalleytransit~flex
80018,o-fortpecktribes~mt~us,operator,Fort Peck Tribes,f-fortpecktribes~mt~us
80019,o-bismarck~nd~us,operator,Bis-Man Transit,f-bismarck~nd~us;f-bismarck~nd~us~rt
80020,o-thecityofcheyenne~wy~us,operator,Cheyenne Transit Program,f-thecityofcheyenne~wy~us
80025,o-loveland~transit~co~us,operator,City of Loveland Transit,f-loveland~transit~co~us
80026,o-9qx5-suntran,operator,City of St. George,f-9qx5-suntran
80028,o-9x2-cachevalleytransitdistrict,operator,Cache Valley Transit District,f-9x2-cachevalleytransitdistrict;f-cachevalleytransitdistrict~rt
80107,o-c2qft-udash~universityofmontana,operator,University of Montana,f-c2qft-udash~mt~us;f-c2qft-udash~mt~us~rt
80119,o-9xhfr-blackhawkandcentralcitytramway,operator,Blackhawk and Central City Tramway,f-blackhawktramway~co~us
80121,o-fremont~county~association~of~governments,operator,Fremont County Association of Governments,f-fremont~county~association~of~governments
80140,o-universityofwyoming~wy~us,operator,University of Wyoming Transportation Services,f-universityofwyoming~wy~us
80150,o-9wgu-gunnisonvalleyrta,operator,Gunnison Valley RTA,f-9wgu-gunnisonvalleyrta;f-gunnisonvalleyrta~co~us~flex;f-gunnisonvalleyrta~rt
80155,o-9xh-ecotransit,operator,Core Transit,f-9xh-ecotransit~co~us;f-9xh-ecotransit~co~us~flex
80159,o-mountainexpress~crestedbutte~co~us,operator,Mountain Express,f-mountainexpress~crestedbutte~co~us
80161,o-9xh8-summitstage,operator,Summit Stage,f-summitstage~co~us
80169,o-northern~transit~interlocal~mt~us,operator,Northern Transit Interlocal,f-northern~transit~interlocal~mt~us
80170,o-9xh8d-breckenridgefreeride,operator,Breckenridge Free Ride,f-breckenridgefreeride~co~us
80174,o-silverbowcounty~mt~us,operator,Butte-Silver Bow Transit,f-silverbowcounty~mt~us
80188,o-jackson~wy~us,operator,Southern Teton Area Rapid Transit,f-jackson~wy~us;f-jackson~wy~us~rt
80193,o-sheridan~wy~us,operator,Goose Creek Transit,f-goose~creek~transit~rt;f-goose~creek~transit~rt~alerts;f-sheridan~wy~us
80204,o-opportunitylink~mt~us,operator,Opportunity Link,f-opportunitylink~mt~us
80206,o-durango~transit~co,operator,Durango Transit,f-durango~transit~co;f-durango~transit~co~flex
80221,o-northeastern~colorado~association~of~local~governments,operator,Northeastern Colorado Association of Local Governments,f-northeastern~colorado~association~of~local~governments
80235,o-c815-streamline,operator,Streamline Transit,f-c815-streamlinetransit~mt~us;f-c815-streamlinetransit~mt~us~rt
80248,o-cedarcity~ut~us,operator,Cedar Area Transportation,f-cedarcity~ut~us
80255,o-big~sky~transportation~district,operator,Big Sky Transportation District,f-big~sky~transportation~district
80256,o-9werc-townofmountainvillage,operator,Town of Mountain Village,f-mountainvillage~co~us
80260,o-uintahbasinaog~ut~us,operator,Basin Transit Association,f-uintahbasinaog~ut~us
80263,o-9wgzn-snowmassvillage,operator,Snowmass Village Shuttle,f-9wgzn-741
80275,o-9wvh-cripplecreektransportation,operator,Cripple Creek Transportation,f-cripplecreek~co~us;f-cripplecreek~co~us~flex
80280,o-archuleta~county,operator,Mountain Express Transit,f-archuleta~county
80284,o-9x0x-parkcitytransit,operator,Park City Transit,f-park~city~ut;f-park~city~ut~rt
80289,o-9wg-rfta,operator,Roaring Fork Transportation Authority,f-9wg-rfta
80303,o-minotcitytransit~nd~us,operator,Minot City Transit,f-minotcitytransit~nd~us
88116,o-northerncheyennetribe~mt~us,operator,Northern Cheyenne Tribe,f-northerncheyennetribe~mt~us
88122,o-oglalasiouxtribe~sd~us,operator,Oglala Sioux Tribe,f-oglalasiouxtribe~sd~us
88164,o-chippewacreetribe~mt~us,operator,Chippewa Cree Tribe,f-chippewacreetribe~mt~us
88170,o-fortbelknapindiancommunity~mt~us,operator,Fort Belknap Indian Community,f-fortbelknapindiancommunity~mt~us
88188,o-crownation~mt~us,operator,Crow Nation Transit,f-crownation~mt~us
88194,o-ihanktowantransit~sd~us,operator,Ihanktowan Transit,f-ihanktowantransit~sd~us
88200,o-utetribepublictransit~ut~us,operator,Ute Tribe Public Transit,f-utetribepublictransit~ut~us
88215,o-9wg6-allpointstransit,operator,All Points Transit,f-allpointstransit~co~us
88225,o-9xhg-thelift,operator,Town of Winter Park,f-9xhg-winterpark~co~us
88226,o-9werfd-townoftelluride,operator,Town of Telluride,f-telluride~co~us
88228,o-avon~co~us,operator,Avon Transit,f-avon~co~us
88229,o-9wy-bentcountytransportation,operator,Bent County Transit,f-bentcounty~co~us;f-bentcounty~co~us~flex
88230,o-tsctransit~co~us,operator,TSC Transit,f-tsctransit~co~us
88239,o-high~valley~transit~district,operator,High Valley Transit,f-high~valley~transit~district
88281,o-estestransit~co~us,operator,Estes Transit,f-estestransit~co~us
88288,o-dsi~co~us,operator,Envida,f-dsi~co~us
88293,o-park~county~mt~us,operator,Park County Transit,f-park~county~mt~us
88294,o-sanmiguel~co~us,operator,San Miguel Authority for Regional Transportation,f-sanmiguelcounty~co~us
88298,o-9xh3-vailtransit,operator,Vail Transit,f-9xh3-vailtransit;f-vailtransit~rt
88299,o-clearcreek~co~us,operator,Clear Creek County Transit,f-clearcreek~co~us
88306,o-moab~area~transit~ut~us,operator,Moab Area Transit,f-moab~area~transit~ut~us
88308,o-setran~co~us,operator,Southeast Colorado Enterprise Development,f-setran~co~us
90001,o-9r4-rtcride,operator,Regional Transportation Commission of Washoe County,f-9r4-rtcride
90002,o-87z-thebus,operator,TheBus,f-87z-thebus;f-thebus~hi~rt
90003,o-9q9-bart,operator,Bay Area Rapid Transit,f-9q9-bart;f-sf~bay~area~rg;f-sf~bay~area~rg~rt
90004,o-9q7-goldenempiretransitdistrict,operator,Golden Empire Transit District,f-9q7-getbus;f-9q7-getbus~rt
90005,o-9w-navajotransitsystem,operator,Navajo Transit System,f-9w-navajotransitsystem
90006,o-9q9-santacruzmetro,operator,Santa Cruz Metropolitan Transit District,f-9q9-scmtdcom;f-9q9-scmtdcom~rt
90007,o-9q9-modestoareaexpress,operator,Stanislaus Regional Transit Authority (StanRTA),f-9q9-modesto~ca~us;f-modestoareaexpress~rt
90008,o-9q5c-bigbluebus,operator,Big Blue Bus,f-9q5c-bigbluebus;f-bigbluebus~rt
90009,o-9q8-samtrans,operator,San Mateo County Transit District,f-9q8-samtrans;f-sf~bay~area~rg;f-sf~bay~area~rg~rt
90010,o-9q5b-torrancetransit,operator,Torrance Transit,f-9q5b-torrancetransit;f-torrancetransit~rt
90011,o-renosparksindiancolony~nv~us,operator,Reno-Sparks Indian Colony,f-renosparksindiancolony~nv~us
90012,o-9qc-sanjoaquinregionaltransitdistrictrtd,operator,San Joaquin Regional Transit District,f-9qc-sanjoaquinrtd;f-sanjoaquinrtd~rt
90013,o-9q9-vta,operator,Santa Clara Valley Transportation Authority,f-9q9-vta;f-sf~bay~area~rg;f-sf~bay~area~rg~rt
90014,o-9q9-actransit,operator,Alameda-Contra Costa Transit District,f-9q9-actransit;f-sf~bay~area~rg;f-sf~bay~area~rg~rt
90015,o-9q8y-sfmta,operator,San Francisco Municipal Transportation Agency,f-9q8y-sfmta;f-sf~bay~area~rg;f-sf~bay~area~rg~rt
90016,o-9qb-goldengatetransit,operator,"Golden Gate Bridge, Highway and Transportation District",f-9qb-goldengatetransit;f-sf~bay~area~rg;f-sf~bay~area~rg~rt
90017,o-9qbdx-santarosacitybus,operator,Santa Rosa CityBus,f-9qbdx-santarosacitybus;f-sf~bay~area~rg;f-sf~bay~area~rg~rt
90019,o-9qce-sacramentoregionaltransit,operator,Sacramento Regional Transit,f-9qcd-etranelkgrove;f-9qcd-etranelkgrove~rt;f-9qce-sacramentoregionaltransit;f-9qce-sacramentoregionaltransit~rt
90020,o-9q4g-santabarbaramtd,operator,Santa Barbara Metropolitan Transit District,f-9q4g-santabarbaramtd;f-9q4g~santabarbaramtd~rt
90022,o-9qh1-norwalktransitsystem,operator,Norwalk Transit System,f-9qh1-norwalktransitsystem;f-9qh1-norwalktransitsystem~rt
90023,o-9q5b-longbeachtransit,operator,Long Beach Transit,f-9q5b-longbeachtransit;f-longbeachtransit~rt
90026,o-9mu-mts,operator,San Diego Metropolitan Transit System,f-9mu-mts;f-mts~rt~mecatrans;f-mts~rt~onebusaway
90027,o-9qdc-fresnopublictransportationfax,operator,Fresno Area Express,f-9qdc-gis4ufresnogov;f-9qdc-gis4ufresnogov~rt
90029,o-9qh-omnitrans,operator,OmniTrans,f-9qh-omnitrans
90030,o-9mu-northcountytransitdistrict,operator,North County Transit District,f-9mu-northcountytransitdistrict;f-northcountrytransitdistrict~rt;f-northcountrytransitdistrict~rt~alerts
90031,o-9qh-riversidetransitagency,operator,Riverside Transit Agency,f-9qh-riversidetransitagency;f-rta~rt
90032,o-9tb-valleymetro,operator,Valley Metro,f-9tb-valleymetro;f-valleymetro~rt
90033,o-9t9-suntran,operator,Sun Tran,f-9t9-suntran;f-9t9-suntran~rt
90035,o-9q54-goldcoasttransit,operator,Gold Coast Transit,f-9q5-govcbus;f-9q54-goldcoasttransit
90036,o-9mu-orangecountytransportationauthority,operator,Orange County Transportation Authority,f-9mu-orangecountytransportationauthority;f-octa~rt
90039,o-9q5c-culvercitybus,operator,Culver CityBus,f-9q5c-culvercitybus;f-culvercitybus~rt
90041,o-9qh1-montebellobuslines,operator,Montebello Bus Lines,f-montebello~bus;f-montebello~bus~rt
90042,o-9q5b-gtrans,operator,City of Gardena,f-gtrans~ca~us;f-gtrans~ca~us~rt
90043,o-9q5c-cityofcommercemunicipalbuslines,operator,City of Commerce Municipal Bus Lines,f-9q5c-cityofcommercemunicipalbuslines;f-9q5c-cityofcommercemunicipalbuslines~rt
90044,o-9qh44-arcadiatransit,operator,Arcadia Transit,f-arcadia~ca~us;f-arcadia~ca~us~rt
90045,o-9qqj-regionaltransportationcommissionofsouthernnevada,operator,Regional Transportation Commission of Southern Nevada,f-9qqj-rtcsnv;f-rtcsnv~rt;f-rtcsnv~rt~alerts
90050,o-9q5d-simivalleytransit,operator,Simi Valley Transit,f-9q5-govcbus
90052,o-9qh2s-coronacruiser,operator,Corona Cruiser,f-9qh2s-corona~ca~us
90061,o-9qc-yuba~suttertransit,operator,Yuba-Sutter Transit,f-9qc-yubasutter~ca~us;f-9qc-yubasutter~ca~us~rt
90062,o-9q9-monterey~salinastransit,operator,Monterey-Salinas Transit,f-9q9-monterey~salinastransit;f-mst~rt
90078,o-9q9p-countyconnection,operator,County Connection,f-sf~bay~area~rg;f-sf~bay~area~rg~rt
90079,o-9qj-sunlinetransitagency,operator,SunLine Transit Agency,f-9qj-sunlinetransitagency;f-9qj-sunlinetransitagency~rt
90087,o-9q4-santamariaareatransit,operator,Santa Maria Area Transit,f-9q4-smat~ca~us;f-9q4-smat~ca~us~rt
90088,o-9qc-vinenapacounty,operator,Napa Valley Transportation Authority (NVTA),f-9qc-vinenapacounty;f-sf~bay~area~rg;f-sf~bay~area~rg~rt
90089,o-9qb-sonomacountytransit,operator,Sonoma County Transit,f-9qb-sonomacounty~ca~us;f-sf~bay~area~rg;f-sf~bay~area~rg~rt
90090,o-9qc7-yolobusyolocounty,operator,Yolo County Transportation District,f-9qc7-yolobusyolocounty;f-9qc7-yolobusyolocounty~rt
90091,o-9q7n-visaliatransit,operator,Visalia Transit,f-visalia;f-visaliatransit~rt
90092,o-9qc-fairfieldandsuisuntransit,operator,Fairfield and Suisun Transit,f-9qc-fairfield~ca~us;f-sf~bay~area~rg;f-sf~bay~area~rg~rt
90093,o-9r0-reddingareabusauthority,operator,Redding Area Bus Authority,f-9r0-redding~ca~us;f-9r0-redding~ca~us~flex;f-9r0-redding~ca~us~rt;f-9r0-redding~ca~us~rt~alerts;f-utel~uiuc~intercity~bus
90119,o-9muq-lagunabeachtransit,operator,Laguna Beach Transit,f-9muq-lagunabeach~ca~us;f-laguna~beach~transit~local~flex
90121,o-antelope~valley~transit~authority,operator,Antelope Valley Transit Authority,f-antelope~valley~transit~authority;f-antelope~valley~transit~authority~rt
90134,o-9q9-caltrain,operator,Caltrain,f-9q9-caltrain;f-sf~bay~area~rg;f-sf~bay~area~rg~rt
90136,o-9tb-valleymetro,operator,Valley Metro,f-9tb-valleymetro;f-valleymetro~rt
90142,o-9qc7-unitransdavis,operator,Unitrans,f-9qc7-unitransdavis
90144,o-9q9q-wheelsbus,operator,Livermore Amador Valley Transit Authority (LAVTA),f-9q9q-wheelsbus;f-sf~bay~area~rg;f-sf~bay~area~rg~rt
90146,o-9qh1-foothilltransit,operator,Foothill Transit,f-9qh1-foothilltransit;f-foothilltransit~rt
90147,o-9q5-ladot,operator,Los Angeles Department of Transportation,f-9q5-ladot;f-ladot~rt
90148,o-9qh-victorvalleytransitauthority,operator,Victor Valley Transit Authority,f-9qh-victorville~ca~us
90149,o-9q4-cityoflompoctransitcolt,operator,City of Lompoc Transit,f-city~of~lompoc~transit
90151,o-9qh-metrolinktrains,operator,Metrolink,f-9qh-metrolinktrains;f-metrolinktrains~rt
90154,o-9q5-metro~losangeles,operator,Los Angeles County Metropolitan Transportation Authority,f-9q5-metro~losangeles;f-9q5-metro~losangeles~rail;f-metro~losangeles~alerts;f-metro~losangeles~bus~rt;f-metro~losangeles~rail~rt
90155,o-9qc60-vacavillecitycoach,operator,Vacaville City Coach,f-9qc60-vacavillecitycoach;f-sf~bay~area~rg
90156,o-9q60w-cityofsanluisobispotransit,operator,City of San Luis Obispo Transit,f-9q60w-cityofsanluisobispotransit;f-9q60w-cityofsanluisobispotransit~rt
90159,o-9qc-westcatwesterncontracosta,operator,Western Contra Costa Area Transit,f-9qc-westcat~ca~us;f-sf~bay~area~rg;f-sf~bay~area~rg~rt
90161,o-9q9jy-unioncitytransit,operator,Union City Transit,f-9q9jy-unioncitytransit;f-sf~bay~area~rg;f-sf~bay~area~rg~rt
90162,o-9qc2-trideltatransit,operator,Tri Delta Transit,f-9qc2-trideltatransit;f-sf~bay~area~rg;f-sf~bay~area~rg~rt
90163,o-9q56e-camarilloareatransit,operator,Camarillo Area Transit,f-9q5-govcbus
90164,o-9q5-venturacountytransportationcommission,operator,Ventura County Transportation Commission,f-9q5-govcbus;f-9q5-govcbus~rt;f-9q5-vctc~ca~us
90165,o-9q56-thousandoakstransit,operator,Thousand Oaks Transit,f-9q5-govcbus
90168,o-9qcs-rosevilletransit,operator,Roseville Transit,f-9qcs-rosevilletransit;f-rosevilletransit~rt
90171,o-santa~clarita,operator,City of Santa Clarita Transit,f-santa~clarita;f-santa~clarita~rt
90173,o-9qd-thebus,operator,Merced County Transit,f-9qd-mercedthebus~ca~us;f-9qd-mercedthebus~ca~us~rt
90175,o-9qcbb-cityofloditransit~grapeline,operator,City of Lodi Transit,f-9qcbb-cityofloditransit~grapeline
90182,o-9q9-acealtamontcorridorexpress,operator,Altamont Corridor Express,f-9q9-acealtamontcorridorexpress;f-sf~bay~area~rg;f-sf~bay~area~rg~rt
90196,o-9qc-placercountytransit,operator,Placer County Transit,f-9qc-placercountytransit
90197,o-9q9ws-tracer,operator,City of Tracy,f-tracy~tracer;f-tracy~tracer~rt
90198,o-9q7m5-portervilletransit,operator,Porterville Transit,f-9q7m-portervilletransit
90199,o-9qdd-maderaareaexpress,operator,Madera Metro,f-9qdd-maderaareaexpress~ca~us
90200,o-9q6-kingsarearuraltransit,operator,Kings Area Rural Transit,f-9q6-kcapta~ca~us;f-kingsarearuraltransit~rt
90201,o-9qdj3-turlocktransit,operator,Turlock Transit,f-turlock~ca~rt;f-turlock~ca~us;f-turlock~ca~us~rt~alerts
90206,o-9q6-sanluisobisporegionaltransitauthority,operator,San Luis Obispo Regional Transit Authority,f-9q6-sanluisobisporegionaltransitauthority~pasoroblesexpress~so;f-9q6-sanluisobisporegionaltransitauthority~pasoroblesexpress~so~rt
90208,o-butte~regional~transit,operator,Butte Regional Transit,f-butte~regional~transit;f-butte~regional~transit~rt
90209,o-9tb-valleymetro,operator,Valley Metro,f-9tb-valleymetro;f-valleymetro~rt
90213,o-9qbc9-petalumatransit,operator,Petaluma Transit,f-9qbc9-petalumatransit~petaluma~ca~us;f-sf~bay~area~rg;f-sf~bay~area~rg~rt
90214,o-9q5b-beachcitiestransit~cityofredondobeach,operator,Beach Cities Transit - City of Redondo Beach,f-redondo~beach~cities~transit;f-redondo~beach~cities~transit~rt
90215,o-9qfyf-jumparoundcarson,operator,Jump Around Carson,f-9qfyf-jumparoundcarson
90216,o-9qc-southcountytransitlink,operator,South County Transit Link,f-southcountytransitlink~ca~us
90217,o-manteca~transit,operator,Manteca Transit,f-manteca~transit;f-manteca~transit~flex;f-manteca~transit~rt
90219,o-mountain~line~az,operator,Northern Arizona Intergovernmental Public Transportation Authority (NAIPTA),f-mountain~line~az;f-mountain~line~az~rt
90223,o-paratransit~inc~ca~us,operator,"Paratransit, Inc.",f-paratransit~inc~ca~us
90225,o-9q9p-sanfranciscobayferry,operator,San Francisco Bay Ferry,f-9q9p-sanfranciscobayferry;f-sf~bay~area~rg;f-sf~bay~area~rg~rt
90226,o-imperial~valley~transit~ca~us,operator,Imperial Valley Transit,f-imperial~valley~transit~ca~us
90227,o-9q57p-moorparkcitytransit,operator,Moorpark City Transit,f-9q5-govcbus
90229,o-9qc-eldoradotransit,operator,El Dorado Transit,f-9qc-eldoradotransit~ca~us
90232,o-9qc0-soltrans,operator,Solano County Transit,f-9qc0-soltrans~ca~us;f-sf~bay~area~rg;f-sf~bay~area~rg~rt
90233,o-9my-ycat,operator,Yuma County Area Transit,f-9my-ycat
90234,o-9qbb-marintransit,operator,Marin County Transit District,f-9qbb-marintransit;f-sf~bay~area~rg;f-sf~bay~area~rg~rt
90237,o-87yt-countyofkauai~transportationagency,operator,County of Kaua'i - Transportation Agency,f-countyofkauai~transportationagency~rt;f-kauai
90238,o-delano~ca~us,operator,Delano Area Rapid Transit,f-delano~ca~us
90239,o-9t9e-cityofsierravista,operator,City of Sierra Vista,f-9t9e-cityofsierravista
90241,o-maui~county~transit,operator,County of Maui Department of Transportation,f-maui~county~transit;f-maui~county~transit~rt
90247,o-9q5cz-alhambracommunitytransit,operator,Alhambra Community Transit,f-alhambra~ca~us;f-alhambra~ca~us~rt
90249,o-9mgve-avalontransit,operator,Avalon Transit,f-9mgve-avalon~ca~us
90251,o-9qh1g-baldwinparktransit,operator,Baldwin Park Transit,f-baldwinpark~ca~us;f-baldwinpark~ca~us~rt
90252,o-9q5cq-lacampana,operator,City of Bell,f-lacampana~ca~us
90253,o-9q5cp-bellgardenstrolley,operator,Bell Gardens Trolley,f-bellgardens~ca~us
90254,o-9q5bz-bellflowerbus,operator,Bellflower Bus,f-bellflower~ca~us
90256,o-9q5f7-burbankbus,operator,Burbank Bus,f-9q5f7-burbankbus;f-burbankbus~rt
90257,o-9q5d5-calabasastransitsystem,operator,Calabasas Transit System,f-calabasas~ca~us;f-calabasas~ca~us~rt
90258,o-9q5b-carsoncircuit,operator,Carson Circuit,f-carson~ca~us
90259,o-city~of~cerritos,operator,Cerritos On Wheels,f-city~of~cerritos
90260,o-9q5bv-comptonrenaissancetransit,operator,Compton Renaissance Transit,f-compton~ca~us
90261,o-covina~ca~us,operator,City of Covina,f-covina~ca~us
90262,o-9q5cnw-cudahyarearapidtransit,operator,Cudahy Area Rapid Transit,f-cudahy~ca~us
90263,o-9q5cp-downeylink,operator,DowneyLINK,f-downey~ca~us;f-downey~ca~us~rt
90265,o-9qh1f-elmontetransit,operator,El Monte Transit,f-9qh1f-elmontetransit
90266,o-9qh4j-glendoratransportationdivision,operator,Glendora Transportation Division,f-glendora~ca~us
90267,o-9q5cm-huntingtonparkexpress,operator,Huntington Park Express,f-huntingtonpark~ca~us
90270,o-9q5-lagobus,operator,Los Angles County Public Works,f-9q5-dpwlacounty~ca~us
90271,o-9q5-lagobus,operator,Los Angles County Public Works,f-9q5-dpwlacounty~ca~us
90272,o-9q5-lagobus,operator,Los Angles County Public Works,f-9q5-dpwlacounty~ca~us
90273,o-9q5-lagobus,operator,Los Angles County Public Works,f-9q5-dpwlacounty~ca~us
90274,o-9q5-lagobus,operator,Los Angles County Public Works,f-9q5-dpwlacounty~ca~us
90275,o-9q5-lagobus,operator,Los Angles County Public Works,f-9q5-dpwlacounty~ca~us
90276,o-9q5-lagobus,operator,Los Angles County Public Works,f-9q5-dpwlacounty~ca~us
90278,o-9q5-lagobus,operator,Los Angles County Public Works,f-9q5-dpwlacounty~ca~us
90280,o-9q5bf-lawndalebeat,operator,Lawndale Beat,f-9q5bf-lawndale~ca~us;f-9q5bf-lawndale~ca~us~rt
90281,o-9q5by-lynwoodtrolley~breeze,operator,Lynwood Breeze Trolley,f-lynwood~trolley
90284,o-maywood~ca~us,operator,City of Maywood Express,f-maywood~ca~us
90286,o-9q5cx-spiritbus,operator,City of Monterey Park,f-9q5cx-montereypark~ca~us;f-9q5cx-montereypark~ca~us~rt
90287,o-9q5b4-palosverdespeninsulatransitauthority,operator,Palos Verdes Peninsula Transit Authority,f-9q5b4-pvpta~ca~us
90289,o-9qh1b-rosemeadexplorer,operator,Rosemead Explorer,f-rosemead~ca~us;f-rosemead~ca~us~rt
90291,o-9q5cn-getaroundtownexpress,operator,City of South Gate Get Around Town Express,f-getaroundtownexpress~ca~us
90293,o-9qh1s-gowestshuttle,operator,City of West Covina,f-westcovina~ca~us
90294,o-west~hollywood,operator,City of West Hollywood,f-west~hollywood;f-west~hollywood~rt
90299,o-9qb-sonomamarinarearailtransit,operator,Sonoma Marin Area Rail Transit,f-sf~bay~area~rg;f-sf~bay~area~rg~rt;f-smart~ca~us
90303,o-clean~air~express~ca~us,operator,Clean Air Express,f-clean~air~express~ca~us;f-clean~air~express~ca~us~rt
90310,o-tulare~county~regional~transit~agency,operator,Tulare County Regional Transit Agency,f-tulare~county~regional~transit~agency;f-tulare~county~regional~transit~agency~rt
90313,o-9qdc-clovistransit,operator,Clovis Transit,f-9qdc-clovistransit~ca~us;f-9qdc-clovistransit~ca~us~rt
90316,o-blossomexpress~ca~us,operator,Blossom Express,f-blossomexpress~ca~us
90999,o-governmentofguamguamregionaltransitauthority~gu~us,operator,Government of Guam-Guam Regional Transit Authority,f-governmentofguamguamregionaltransitauthority~gu~us
91000,o-9qf-amadortransit,operator,Amador Transit,f-9qf-amador~ca~us
91001,o-show~low~az,operator,City of Show Low,f-show~low~az
91004,o-portofadministrationauthority~as~us,operator,Port of Administration Authority,f-portofadministrationauthority~as~us
91005,o-9qd-maderacountyconnection,operator,Madera County Connection,f-madera~county~connection;f-madera~county~connection~rt;f-madera~county~connection~rt~alerts
91006,o-9qk6-ridgerunner,operator,Ridgerunner,f-cityofridgecrest~ca~us
91007,o-9qd-fresnocountyruraltransitagency,operator,Fresno County Rural Transit Agency,f-9qd-fresnocounty~ca~us
91008,o-9r-sagestage,operator,Sage Stage,f-9r-sagestage
91009,o-9q99-sanbenitocountyexpress,operator,San Benito County Express,f-9q99-sanbenitocountyexpress
91010,o-9w0md-cottonwoodareatransit,operator,Cottonwood Area Transit,f-9w0md-cottonwood~az~us
91012,o-9qhf-mountaintransit,operator,Mountain Transit,f-9qhf-bigbear~ca~us
91014,o-9qc3-riovistadeltabreeze,operator,Rio Vista Delta Breeze,f-9qc3-riovistadeltabreeze;f-sf~bay~area~rg
91018,o-9prb8-arcata~madrivertransitsystem,operator,Arcata & Mad River Transit System,f-9pp-humboldtcounty~ca~us;f-9pp-humboldtcounty~ca~us~rt~alerts
91020,o-9qnqp-needlesareatransit,operator,Needles Area Transit,f-needles~ca~us
91027,o-9q7-arvintransit,operator,Arvin Transit,f-arvin~ca~us
91028,o-9q4s-a11214029,operator,Santa Ynez Valley Transit,f-santa~ynez~valley~transit;f-santa~ynez~valley~transit~rt
91032,o-9qcvk-auburntransit,operator,Auburn Transit,f-auburntransit~ca~us
91035,o-9r0-trinitytransit,operator,Trinity Transit,f-9r0-trinity~ca~us
91036,o-9pp-redwoodtransitsystem,operator,Redwood Transit System,f-9pp-humboldtcounty~ca~us;f-9pp-humboldtcounty~ca~us~redwood~rt;f-9pp-humboldtcounty~ca~us~rt~alerts
91037,o-9qnx-bullheadareatransitsystem,operator,Bullhead Area Transit System,f-9qnx-bullheadareatransit~az~us
91043,o-guadalupeflyer~ca~us,operator,Guadalupe Flyer,f-guadalupe~flyer~paratransit~flex
91045,o-northernmarianascommonwealthofficeoftransitauthority~mp~us,operator,Northern Marianas - Commonwealth Office of Transit Authority,f-northernmarianascommonwealthofficeoftransitauthority~mp~us
91047,o-9qb-mendocinotransitauthority,operator,Mendocino Transit Authority,f-9qb-mendocino~ca~us
91048,o-9r2-siskiyoutransitandgeneralexpress,operator,Siskiyou Transit and General Express,f-9r2-siskiyou~ca~us
91052,o-douglas~az,operator,Douglas Rides,f-douglas~az
91053,o-9qb-laketransit,operator,Lake Transit,f-9qb-laketransit~ca~us;f-9qb-laketransit~ca~us~rt
91057,o-tuolumnecountytransit~ca~us,operator,Tuolumne County Transit Agency,f-tuolumnecountytransit~ca~us
91058,o-ojai~ca~us,operator,Ojai Trolley,f-9q5-govcbus
91059,o-9q7-kerntransit,operator,Kern Transit,f-9q7-kerncounty~ca~us;f-kerncounty~ca~rt
91062,o-9q-easternsierratransitauthority,operator,Eastern Sierra Transit Authority,f-9q-easternsierra~ca~us;f-9q-easternsierra~ca~us~rt;f-9q-easternsierra~ca~us~rt~alerts;f-eastern~sierra~bishop~lone~pine~flex;f-utel~uiuc~intercity~bus
91064,o-dart~douglascounty~nv~us,operator,Douglas County Rural Transit,f-dart~douglascounty~nv~us
91066,o-taft~ca~us,operator,Taft Area Transit,f-taft~ca~us
91069,o-miami~az,operator,Copper Mountain Transit,f-miami~az
91070,o-9qd-yosemitearearegionaltransportationsystem,operator,Yosemite Area Regional Transportation System,f-9qd-yosemite~ca~us
91072,o-southernnevadatransitcoalition~nv~us,operator,Southern Nevada Transit Coalition,f-silver~rider~laughlin~local~nv~us;f-silver~rider~laughlin~nv~us;f-silver~rider~mesquite~local~nv~us;f-silver~rider~mesquite~nv~us
91075,o-kingman~az,operator,Kingman Area Regional Transit,f-kingman~az
91078,o-9q9y-escalon~ca~us,operator,City of Escalon eTrans,f-9q9y-escalon~ca~us;f-9q9y-escalon~ca~us~rt
91080,o-hele~on~hi,operator,County of Hawai'i Mass Transit Agency,f-hele~on~hi;f-hele~on~hi~rt
91088,o-9r11-glenntransitservice,operator,Glenn Transit Service,f-glenn~ca~us
91089,o-9r1h-tehamaruralareaexpress,operator,Tehama Rural Area Express,f-9r1-tehama~ca~us
91090,o-9qj-morongobasintransitauthority,operator,Morongo Basin Transit Authority,f-morongo~basin;f-morongo~basin~rt
91092,o-9qft-tahoetransportationdistrict,operator,Tahoe Transportation District,f-tahoe~ca~rt;f-tahoe~ca~rt~alerts;f-tahoe~ca~us
91093,o-9pr8n-eurekatransitservice,operator,Eureka Transit Service,f-9pp-humboldtcounty~ca~us;f-9pp-humboldtcounty~ca~us~rt~alerts
91095,o-9qcy-nevadacountygoldcountrystage,operator,Nevada County,f-9qcy-nevadacountygoldcountrystage;f-nevadacountygoldcountrystage~rt;f-nevadacountygoldcountrystage~rt~alerts
91096,o-coolidge~az,operator,Coolidge Public Transit,f-coolidge~az
91097,o-9pr-redwoodcoasttransit,operator,Redwood Coast Transit,f-9pr-delnorte~ca~us;f-redwood~coast~del~norte~flex;f-redwood~coast~transit~rt;f-redwood~coast~transit~rt~alerts
91098,o-9r4-lassenruralbus,operator,Lassen Rural Bus,f-9r4-lassen~ca~us;f-lassen~rural~busand~dial~a~ride~flex
91100,o-southernnevadatransitcoalition~nv~us,operator,Southern Nevada Transit Coalition,f-silver~rider~laughlin~local~nv~us;f-silver~rider~laughlin~nv~us;f-silver~rider~mesquite~local~nv~us;f-silver~rider~mesquite~nv~us
91101,o-9qfx-tahoetruckeearearegionaltransit,operator,Tahoe Truckee Area Regional Transit,f-9qf-laketahoe~ca~us;f-tahoe~truckee~regional~transportation~tart~connect~dial~a~ride~placer~tart~paratransit~flex
91106,o-maricopa~express~az,operator,Maricopa Express Transit,f-maricopa~express~az
91107,o-southernnevadatransitcoalition~nv~us,operator,Southern Nevada Transit Coalition,f-silver~rider~laughlin~local~nv~us;f-silver~rider~laughlin~nv~us;f-silver~rider~mesquite~local~nv~us;f-silver~rider~mesquite~nv~us
91114,o-benson~az~us,operator,Benson Area Transit,f-benson~az~us
91119,o-9r4-plumastransit,operator,Plumas Transit,f-9r4-plumas~ca~us
91121,o-bisbee~az,operator,Bisbee Bus,f-bisbee~az
91122,o-regional~transportation~authority~of~pima~county,operator,Regional Transportation Authority of Pima County,f-regional~transportation~authority~of~pima~county
99262,o-yurok~ca~us,operator,Yurok Tribe,f-yurok~ca~us;f-yurok~riverotterferry~ca~us
99286,o-sancarlosapachetribe~az~us,operator,San Carlos Apache Tribe,f-sancarlosapachetribe~az~us
99292,o-9prb9-bluelakerancheriatransitsystem,operator,Blue Lake Rancheria Transit System,f-9pp-humboldtcounty~ca~us;f-9pp-humboldtcounty~ca~us~rt~alerts
99316,o-chemehueviindiantribe~ca~us,operator,Chemehuevi Indian Tribe,f-chemehueviindiantribe~ca~us
99322,o-fallonpaiuteshoshonetribe~nv~us,operator,Fallon Paiute-Shoshone Tribe,f-fallonpaiuteshoshonetribe~nv~us
99328,o-yavapaiapachenation~az~us,operator,Yavapai-Apache Nation,f-yavapaiapachenation~az~us
99334,o-whitemountainapachetribe~az~us,operator,White Mountain Apache Tribe,f-whitemountainapachetribe~az~us
99382,o-hopitribe~az~us,operator,Hopi Tribe,f-hopitribe~az~us
99406,o-pyramidlakepaiutetribe~nv~us,operator,Pyramid Lake Paiute Tribe,f-pyramidlakepaiutetribe~nv~us
99419,o-yavapai~regional~transit,operator,Yavapai Regional Transit,f-yavapai~regional~transit
99423,o-9q5f-glendalebeeline,operator,Glendale Beeline,f-9q5f-glendalebeeline
99424,o-9q5f-pasadenatransit,operator,Pasadena Transit,f-9q5f-pasadenatransit;f-pasadenatransit~rt
99433,o-hualapaiindiantribe~az~us,operator,Hualapai Indian Tribe,f-hualapaiindiantribe~az~us
99436,o-gila~river~indian~community,operator,Gila River Transit,f-gila~river~indian~community
99442,o-9qf-calaverastransit,operator,Calaveras Connect,f-9qf-calaveras~ca~us
99454,o-9myr-paloverdevalleytransitagency,operator,Palo Verde Valley Transit Agency,f-9myr-paloverdevalley~ca~us;f-9myr-paloverdevalley~ca~us~rt
99455,o-sedona~shuttle~az,operator,Sedona Shuttle,f-sedona~shuttle~az
99474,o-townofpayson~az~us,operator,Town of Payson,f-townofpayson~az~us
99475,o-shoshonepaiutetribes~nv~us,operator,Shoshone-Paiute Tribes,f-shoshonepaiutetribes~nv~us
