external_id,onestop_id,entity,name,related,wikipedia_url
Q10272524,o-6fes-empresapublicadetransportesecirculação,operator,Empresa Publica de Transportes e Circulação,f-6fes-empresapublicadetransportesecirculação,
Q10272546,o-7h2w-empresadetransportesetransitodebelohorizontes~a,operator,Superintendência de Mobilidade Urbana de Belo Horizonte,f-7h2w-empresadetransportesetransitodebelohorizontes~a;f-7h2w-empresadetransportesetransitodebelohorizontes~a~rt,
Q10282038,o-75cj-fetranspor,operator,Fetranspor,f-75cj-fetranspor,
Q10291292,o-7nx-granderecife,operator,Grande Recife Consórcio de Transporte Metropolitano,f-7nx-granderecife,
Q10386176,o-6gkz-urbs,operator,Urbanização de Curitiba S/A,f-6gkz-urbs,
Q104061672,o-u4-innlandstrafikk,operator,Innlandstrafikk,f-entur~rt;f-u4-ruter~flybussen~stfoldkollektivtrafikk~hedmarktrafikk~oppla,
Q1045108,o-eyckr-carris,operator,Companhia Carris de Ferro de Lisboa,f-carris~pt,https://en.wikipedia.org/wiki/Carris
Q1048582,o-dr5r7-nycdot,operator,New York City Department of Transportation,f-dr5r7-nycdotsiferry,https://en.wikipedia.org/wiki/Staten_Island_Ferry
Q104868592,o-9w-navajotransitsystem,operator,Navajo Transit System,f-9w-navajotransitsystem,https://en.wikipedia.org/wiki/Navajo_Transit_System
Q1054782,o-renfe~cercanias,operator,Renfe Cercanias,f-cercanías~renfe;f-cercanías~renfe~rt,https://en.wikipedia.org/wiki/Cercan%C3%ADas
Q1055811,o-dr5r-path,operator,Port Authority Trans-Hudson,f-dr5r-path~nj~us,https://en.wikipedia.org/wiki/PATH_%28rail_system%29
Q10602972,o-u7-norrtåg,operator,Norrtåg,f-entur~rt;f-u4-ruter~flybussen~stfoldkollektivtrafikk~hedmarktrafikk~oppla,https://en.wikipedia.org/wiki/Norrt%C3%A5g
Q1069379,o-cfc~corse~fr,operator,Chemins de Fer de la Corse,f-cfc~corse~fr,https://en.wikipedia.org/wiki/Chemins_de_fer_de_la_Corse
Q107135,o-u4xb-fredrikstadkommune,operator,Fredrikstad kommune,f-entur~rt;f-u4-ruter~flybussen~stfoldkollektivtrafikk~hedmarktrafikk~oppla,https://en.wikipedia.org/wiki/Fredrikstad
Q107335262,o-south~central~regional~transit~district,operator,South Central Regional Transit District,f-south~central~regional~transit~district,https://en.wikipedia.org/wiki/South_Central_Regional_Transit_District
Q107410349,o-r3g-keolisdownernorthernbeaches,operator,Keolis Downer Northern Beaches,f-nsw~buses~rt;f-r6-nswtrainlink~sydneytrains~buswayswesternsydney~interlinebus,https://en.wikipedia.org/wiki/Keolis_Northern_Beaches
Q107710675,o-dp5b-butlercountyregionaltransitauthority,operator,Butler County Regional Transit Authority,f-butler~county~rta,https://en.wikipedia.org/wiki/Butler_County_Regional_Transit_Authority
Q108464704,o-s-autolineetoscane,operator,Autolinee Toscane,f-s-atscolastico;f-s-lineeregionali;f-srb-atnonscolastico,https://en.wikipedia.org/wiki/Autolinee_Toscane
Q108822589,o-u0u6-luxtram,operator,Luxtram S.A.,f-u0-openov~lu,
Q109331635,o-stasy~urbanrailtransport~gr,operator,Σταθερές Συγκοινωνίες ΣΤΑΣΥ - Urban Rail Transport,f-stasy~urbanrailtransport~gr,https://en.wikipedia.org/wiki/STASY
Q109376514,o-telecabine~eau~dolle~fr,operator,Télécabine Eau d'Olle Express,f-telecabine~eau~dolle~fr,
Q110682480,o-9q7m5-portervilletransit,operator,Porterville Transit,f-9q7m-portervilletransit,https://en.wikipedia.org/wiki/Porterville_Transit
Q110722692,o-tulare~county~regional~transit~agency,operator,Tulare County Regional Transit Agency,f-tulare~county~regional~transit~agency;f-tulare~county~regional~transit~agency~rt,https://en.wikipedia.org/wiki/Tulare_County_Regional_Transit_Agency
Q111426625,o-ohiovalleyregionaltransportationauthority~wv~us,operator,Ohio Valley Regional Transportation Authority,f-ohiovalleyregionaltransportationauthority~wv~us,
Q111611112,o-eyc-carrismetropolitana,operator,Carris Metropolitana,f-carris~metropolitana~pt;f-carris~metropolitana~pt~rt,
Q112664203,o-9q9-modestoareaexpress,operator,Stanislaus Regional Transit Authority (StanRTA),f-9q9-modesto~ca~us;f-modestoareaexpress~rt,https://en.wikipedia.org/wiki/Stanislaus_Regional_Transit_Authority
Q113039730,o-bismarck~nd~us,operator,Bis-Man Transit,f-bismarck~nd~us;f-bismarck~nd~us~rt,https://en.wikipedia.org/wiki/Bis-Man_Transit
Q11324955,o-9wh-riometroregionaltransitdistrict,operator,Rio Metro Regional Transit District,f-9wh-riometroregionaltransitdistrict,https://en.wikipedia.org/wiki/New_Mexico_Rail_Runner_Express
Q113396103,o-9qdc-clovistransit,operator,Clovis Transit,f-9qdc-clovistransit~ca~us;f-9qdc-clovistransit~ca~us~rt,https://en.wikipedia.org/wiki/Clovis_Transit
Q1140138,o-9q8y-sfmta,operator,San Francisco Municipal Transportation Agency,f-9q8y-sfmta;f-sf~bay~area~rg;f-sf~bay~area~rg~rt,https://en.wikipedia.org/wiki/San_Francisco_Municipal_Railway
Q114024449,o-macomb~il~us,operator,McDonough County Public Transportation,f-macomb~il~us,https://en.wikipedia.org/wiki/Go_West_Transit
Q114043971,o-galesburg~il~us,operator,Galesburg Transit,f-galesburg~il~us,https://en.wikipedia.org/wiki/Galesburg_Transit
Q1142140,o-c28-translink,operator,South Coast British Columbia Transportation Authority,f-c28-nstranslinkca;f-translink~rt,https://en.wikipedia.org/wiki/TransLink_%28British_Columbia%29
Q1146109,o-dr5r-nyct,operator,MTA New York City Transit,f-dr5r-mtabc;f-dr5r-mtanewyorkcitytransit;f-dr5r-mtanyctbusbrooklyn;f-dr5r-mtanyctbusmanhattan;f-dr5r-mtanyctbusstatenisland;f-dr5r-nyctsubway;f-dr5x-mtanyctbusqueens;f-dr72-mtanyctbusbronx;f-mta~nyc~rt~alerts;f-mta~nyc~rt~bustime;f-mta~nyc~rt~subway~1~2~3~4~5~6~7;f-mta~nyc~rt~subway~a~c~e;f-mta~nyc~rt~subway~b~d~f~m;f-mta~nyc~rt~subway~g;f-mta~nyc~rt~subway~j~z;f-mta~nyc~rt~subway~l;f-mta~nyc~rt~subway~n~q~r~w;f-mta~nyc~rt~subway~sir,https://en.wikipedia.org/wiki/Metropolitan_Transportation_Authority
Q115468833,o-agglobus~guyane,operator,Agglo'bus,f-agglobus~guyane;f-agglobus~guyane~rt,
Q115802322,o-r3g-cdcnsw,operator,CDC NSW,f-nsw~buses~rt;f-r6-nswtrainlink~sydneytrains~buswayswesternsydney~interlinebus,https://en.wikipedia.org/wiki/CDC_NSW
Q115938980,o-danville~il~us,operator,Danville Mass Transit,f-danville~il~us;f-danville~il~us~rt,https://en.wikipedia.org/wiki/Danville_Mass_Transit
Q116044439,o-r3g-ugomobility,operator,U-Go Mobility,f-nsw~buses~rt;f-r6-nswtrainlink~sydneytrains~buswayswesternsydney~interlinebus,https://en.wikipedia.org/wiki/U-Go_Mobility
Q116245306,o-dp2y-dekalbpublictransit,operator,DeKalb Public Transit,f-cityofdekalb~il~us,https://en.wikipedia.org/wiki/DeKalb_Public_Transit
Q11686899,o-u5-atb,operator,AtB,f-entur~rt;f-u4-ruter~flybussen~stfoldkollektivtrafikk~hedmarktrafikk~oppla,https://en.wikipedia.org/wiki/AtB
Q117215,o-ilevia~lille~fr,operator,Ilévia,f-ilevia~lille~fr;f-ilevia~lille~fr~rt,https://en.wikipedia.org/wiki/Il%C3%A9via
Q117309,o-dp3-chicagotransitauthority,operator,Chicago Transit Authority,f-dp3-cta,https://en.wikipedia.org/wiki/Chicago_Transit_Authority
Q11741120,o-u3k-koleje~wielkopolskie,operator,Koleje Wielkopolskie Sp. z o.o.,f-u3k-koleje~wielkopolskie,https://en.wikipedia.org/wiki/Greater_Poland_Railways
Q11822108,o-u2u6-dpmo,operator,"Dopravní podnik města Olomouce, a.s.",f-u2u6-dpmo,
Q1187590,o-ktmb~my,operator,Keretapi Tanah Melayu Berhad,f-ktmb;f-ktmb~rt,https://en.wikipedia.org/wiki/Keretapi_Tanah_Melayu
Q119606582,o-colescounty~il~us,operator,Coles County,f-colescounty~il~us,https://en.wikipedia.org/wiki/Coles_County_Zipline
Q119999617,o-south~central~illinois~mass~transit~district,operator,South Central Illinois Mass Transit District,f-south~central~illinois~mass~transit~district,https://en.wikipedia.org/wiki/South_Central_Illinois_Mass_Transit_District
Q12003965,o-u5jx01-sundbåten,operator,Sundbåten,f-entur~rt;f-u4-ruter~flybussen~stfoldkollektivtrafikk~hedmarktrafikk~oppla,
Q1201543,o-dpsby4-detroitpeoplemover,operator,Detroit People Mover,f-dpsby4-detroitpeoplemover,https://en.wikipedia.org/wiki/Detroit_People_Mover
Q12020731,o-u2e-kordis,operator,Integrovaného Dopravního Systému Jihomoravského Kraje,f-u2e-idsjmk,
Q12054349,o-skagit~wa~us,operator,Skagit Transit,f-skagit~wa~us;f-skagit~wa~us~rt,https://en.wikipedia.org/wiki/Skagit_Transit
Q12061679,o-memphis~area~transit~authority,operator,Memphis Area Transit Authority,f-memphis~area~transit~authority;f-memphis~area~transit~authority~rt,https://en.wikipedia.org/wiki/Memphis_Area_Transit_Authority
Q12110155,o-u8v-kyivpastrans,operator,Kyivpastrans,f-u8v-kyivpastrans;f-u8v-kyivpastrans~rt,https://en.wikipedia.org/wiki/Kyivpastrans
Q12119087,o-u8c5-lvivelectrotrans,operator,Lvivelectrotrans,f-u8c5-lvivavtodor;f-u8c5-lvivavtodor~rt,https://en.wikipedia.org/wiki/Lvivelectrotrans
Q122451878,o-hot~springs~ar~us,operator,Hot Springs Intracity Transit,f-hot~springs~ar~us,https://en.wikipedia.org/wiki/Hot_Springs_Intracity_Transit
Q122574540,o-jax~il~us,operator,Jackson County Mass Transit District,f-jax~il~us,https://en.wikipedia.org/wiki/JAX_Mass_Transit
Q122638975,o-glasgow~ky~us,operator,Glasgow Transit,f-glasgow~ky~us,https://en.wikipedia.org/wiki/Glasgow_Transit
Q122698578,o-cass~county~council~on~aging,operator,Cass County Council on Aging,f-cass~county~council~on~aging,https://en.wikipedia.org/wiki/Cass_Area_Transit
Q122722603,o-city~of~washington,operator,City of Washington,f-city~of~washington,https://en.wikipedia.org/wiki/Washington_Transit_System
Q122722695,o-marion~in~us,operator,Marion Transit,f-marion~in~us,https://en.wikipedia.org/wiki/Marion_Transit_System
Q122722709,o-central~indiana~regional~transportation~authority,operator,Central Indiana Regional Transportation Authority,f-central~indiana~regional~transportation~authority,https://en.wikipedia.org/wiki/Central_Indiana_Regional_Transportation_Authority
Q122722740,o-accessjohnsoncounty~in~us,operator,Access Johnson County,f-accessjohnsoncounty~in~us;f-central~indiana~regional~transportation~authority,https://en.wikipedia.org/wiki/Access_Johnson_County
Q122746303,o-four~rivers~resource~services,operator,Four Rivers Resource Services,f-four~rivers~resource~services,https://en.wikipedia.org/wiki/Warrick_Area_Transit_System
Q123125652,o-rides~mass~transit~district~il~us,operator,Rides Mass Transit District,f-rides~mass~transit~district~il~us,https://en.wikipedia.org/wiki/Rides_Mass_Transit_District
Q1235460,o-alaska~railroad~corporation,operator,Alaska Railroad,f-alaska~railroad~corporation,https://en.wikipedia.org/wiki/Alaska_Railroad
Q123583682,o-9x0x-parkcitytransit,operator,Park City Transit,f-park~city~ut;f-park~city~ut~rt,https://en.wikipedia.org/wiki/Park_City_Transit
Q123739300,o-high~valley~transit~district,operator,High Valley Transit,f-high~valley~transit~district,https://en.wikipedia.org/wiki/High_Valley_Transit
Q123965009,o-jumparoundcarson~nv~us,operator,Jump Around Carson,f-jumparoundcarson~nv~us,https://en.wikipedia.org/wiki/Jump_Around_Carson
Q124248491,o-westernwashtenawareavalueexpress~mi~us,operator,Western-Washtenaw Area Value Express,f-westernwashtenawareavalueexpress~mi~us,https://en.wikipedia.org/wiki/Western_Washtenaw_Area_Value_Express
Q124349927,o-dnvx-athenspublictransit,operator,Athens Public Transit,f-dnvx-athenspublictransit;f-dnvx-athenspublictransit~rt,
Q1243534,o-u348-dpmlj,operator,"Dopravní podnik měst Liberce a Jablonce nad Nisou, a.s.",f-u348-dpmlj,
Q124357728,o-hzpp,operator,HŽ Putnički prijevoz,f-hzpp,https://en.wikipedia.org/wiki/H%C5%BD_Passenger_Transport
Q124822951,o-sablons~bus~fr,operator,Sablons Bus,f-sablons~bus~fr;f-sablons~bus~fr~rt;f-sablons~bus~tad~fr,
Q124827175,o-libbus~noyon~fr,operator,Lib'Bus,f-libbus~noyon~fr;f-libbus~noyon~fr~rt,
Q124827358,o-u0f0n-villeo~retzeo,operator,VILLEO-RETZEO,f-retz~en~valois~fr,
Q124827526,o-pass~thelle~bus~fr,operator,Pass'Thelle Bus,f-pass~thelle~bus~fr;f-pass~thelle~bus~fr~rt;f-pass~thelle~bus~tad~fr,
Q125856131,o-eureka~springs~ak~us,operator,Eureka Springs Transit,f-eureka~springs~ak~us,https://en.wikipedia.org/wiki/Eureka_Springs_Transit
Q125908,o-dr7-metro~northrailroad,operator,MTA Metro-North Railroad,f-dr7-mtanyc~metro~north;f-hudson~rail~link;f-mta~nyc~rt~alerts;f-mta~nyc~rt~mnr,https://en.wikipedia.org/wiki/Metro-North_Railroad
Q125943,o-dr5-longislandrailroad,operator,MTA Long Island Rail Road,f-dr5-mtanyclirr;f-mta~nyc~rt~alerts;f-mta~nyc~rt~lirr,https://en.wikipedia.org/wiki/Long_Island_Rail_Road
Q126325719,o-9qfx-tahoetruckeearearegionaltransit,operator,Tahoe Truckee Area Regional Transit,f-9qf-laketahoe~ca~us;f-tahoe~truckee~regional~transportation~tart~connect~dial~a~ride~placer~tart~paratransit~flex,https://en.wikipedia.org/wiki/Tahoe_Truckee_Area_Regional_Transit
Q129798316,o-9x2-cachevalleytransitdistrict,operator,Cache Valley Transit District,f-9x2-cachevalleytransitdistrict;f-cachevalleytransitdistrict~rt,
Q130321558,o-dps2w-universityofmichigantransitservices,operator,University of Michigan Transit Services,f-dps2w-universityofmichigantransitservices;f-dps2w-universityofmichigantransitservices~rt,https://en.wikipedia.org/wiki/University_of_Michigan_Transit_Services
Q131917151,o-easternupperpeninsulatransportationauthority~mi~us,operator,Eastern Upper Peninsula Transportation Authority,f-easternupperpeninsulatransportationauthority~mi~us,https://en.wikipedia.org/wiki/Eastern_Upper_Peninsula_Transportation_Authority
Q1333923,o-9mudj-sandiegointernationalairport,operator,San Diego County Regional Airport Authority,f-9mu-mts,https://en.wikipedia.org/wiki/San_Diego_International_Airport
Q13429190,o-9qf-amadortransit,operator,Amador Transit,f-9qf-amador~ca~us,https://en.wikipedia.org/wiki/Amador_Transit
Q135013491,o-r3gx3-manlyfastferry,operator,Manly Fast Ferries,f-nsw~ferries~rt;f-r6-nswtrainlink~sydneytrains~buswayswesternsydney~interlinebus,https://en.wikipedia.org/wiki/Manly_Fast_Ferry
Q136687844,o-dpm5-sanduskytransitsystem,operator,Sandusky Transit System,f-sandusky,
Q140474130,o-st~joseph~county~transportation~authority,operator,St. Joseph County Transportation Authority,f-st~joseph~county~transportation~authority,https://en.wikipedia.org/wiki/St._Joseph_County_Transit_Authority
Q1408210,o-eyce-fertagus,operator,Fertagus,f-eyce-fertagus,https://en.wikipedia.org/wiki/Fertagus
Q141301298,o-9r-sagestage,operator,Sage Stage,f-9r-sagestage,https://en.wikipedia.org/wiki/Sage_Stage
Q1422444,o-u4-fjordline,operator,Fjord Line,f-entur~rt;f-u4-ruter~flybussen~stfoldkollektivtrafikk~hedmarktrafikk~oppla,https://en.wikipedia.org/wiki/Fjord_Line
Q1423792,o-dnh-metropolitanatlantarapidtransitauthority,operator,Metropolitan Atlanta Rapid Transit Authority,f-dnh-marta;f-dnh-marta~rt,https://en.wikipedia.org/wiki/Metropolitan_Atlanta_Rapid_Transit_Authority
Q1425780,o-u4ez6r-ulriken,operator,Ulriken,f-entur~rt;f-u4-ruter~flybussen~stfoldkollektivtrafikk~hedmarktrafikk~oppla,https://en.wikipedia.org/wiki/Ulriksbanen
Q143630,o-c3nf-calgarytransit,operator,Calgary Transit,f-c3nf-calgarytransit;f-calgarytransit~rt,https://en.wikipedia.org/wiki/Calgary_Transit
Q1456861,o-9q9-vta,operator,Santa Clara Valley Transportation Authority,f-9q9-vta;f-sf~bay~area~rg;f-sf~bay~area~rg~rt,https://en.wikipedia.org/wiki/Valley_Transportation_Authority
Q14715606,o-drq5-hy~linecruises,operator,Hy-Line Cruises,f-drq5-hylinecruises~ma~us,https://en.wikipedia.org/wiki/Hy-Line_Cruises
Q14716158,o-dpe-therapid,operator,The Rapid,f-dpe-therapid;f-dpe-therapid~rt,https://en.wikipedia.org/wiki/The_Rapid
Q14774571,o-r652-sydneymetro,operator,Sydney Metro,f-nsw~metro~rt;f-r6-nswtrainlink~sydneytrains~buswayswesternsydney~interlinebus,https://en.wikipedia.org/wiki/Sydney_Metro
Q1503354,o-u6-vytåg,operator,Vy Tåg,f-entur~rt;f-u4-ruter~flybussen~stfoldkollektivtrafikk~hedmarktrafikk~oppla,https://en.wikipedia.org/wiki/Vy_T%C3%A5g
Q15051623,o-djmu-jacksonvilletransportationauthority,operator,Jacksonville Transportation Authority,f-djmu-jacksonvilletransportationauthority;f-djmu-jacksonvilletransportationauthority~rt,https://en.wikipedia.org/wiki/Jacksonville_Transportation_Authority
Q15114900,o-dpx-nfta~metro,operator,Niagara Frontier Transportation Authority,f-dpx-wwwnftacom;f-dpx-wwwnftacom~rail,https://en.wikipedia.org/wiki/Niagara_Frontier_Transportation_Authority
Q1544412,o-dpmg-greaterclevelandregionaltransitauthority,operator,Greater Cleveland Regional Transit Authority,f-dpmg-rta;f-greaterclevelandregionaltransitauthority~rt,https://en.wikipedia.org/wiki/Greater_Cleveland_Regional_Transit_Authority
Q15712815,o-r3g-premierillawarra,operator,Premier Illawarra,f-nsw~buses~rt;f-r6-nswtrainlink~sydneytrains~buswayswesternsydney~interlinebus,https://en.wikipedia.org/wiki/Premier_Transport_Group
Q16160659,o-dnmy-appalcart,operator,Appalachian Campus Area Rapid Transit,f-dnmy-appalcart;f-dnmy-appalcart~rt,https://en.wikipedia.org/wiki/AppalCart
Q1653380,o-u0-ouibus,operator,BlaBlaCar Bus,f-u0-ouibus,https://en.wikipedia.org/wiki/BlaBlaCar_Bus
Q16617570,o-sr8-tftspa,operator,Trasporto Ferroviario Toscano,f-sr-tft,
Q16674413,o-artis~arras~fr,operator,Artis,f-artis~arras~fr,
Q166817,o-9q9-caltrain,operator,Caltrain,f-9q9-caltrain;f-sf~bay~area~rg;f-sf~bay~area~rg~rt,https://en.wikipedia.org/wiki/Caltrain
Q16927509,o-r3g-transitsystemssydney,operator,Transit Systems Sydney,f-nsw~buses~rt;f-r6-nswtrainlink~sydneytrains~buswayswesternsydney~interlinebus,https://en.wikipedia.org/wiki/Transit_Systems_NSW
Q16967413,o-cbq6-duluthtransitauthority,operator,Duluth Transit Authority,f-cbq6-duluthtransitauthority;f-duluthtransitauthority~rt,https://en.wikipedia.org/wiki/Duluth_Transit_Authority
Q16973953,o-dru-tri~valleytransit,operator,Tri-Valley Transit,f-dru-tri~valleytransit;f-dru-tri~valleytransit~rt,https://en.wikipedia.org/wiki/Tri-Valley_Transit
Q16974066,o-ata~bus~ks,operator,Flint Hills Area Transportation Agency,f-ata~bus~ks;f-ata~bus~ks~rt;f-ata~bus~ks~rt~alerts,https://en.wikipedia.org/wiki/ATA_Bus
Q16976205,o-jackson~mi~us,operator,Jackson Area Transportation Authority,f-jackson~mi~us,https://en.wikipedia.org/wiki/Jackson_Area_Transportation_Authority
Q16980549,o-imperial~valley~transit~ca~us,operator,Imperial Valley Transit,f-imperial~valley~transit~ca~us,https://en.wikipedia.org/wiki/Imperial_Valley_Transit
Q16980701,o-c28-islandtransit,operator,Island Transit,f-c28-islandtransit;f-c28-islandtransit~rt,https://en.wikipedia.org/wiki/Island_Transit_%28Washington%29
Q16981517,o-lower~anthracite~transit~system,operator,Lower Anthracite Transit System,f-lower~anthracite~transit~system;f-lower~anthracite~transit~system~rt,https://en.wikipedia.org/wiki/Lower_Anthracite_Transportation_System
Q16981629,o-manchester~transit~authority,operator,Manchester Transit Authority,f-manchester~transit~authority,https://en.wikipedia.org/wiki/Manchester_Transit_Authority
Q16982191,o-9q9-monterey~salinastransit,operator,Monterey-Salinas Transit,f-9q9-monterey~salinastransit;f-mst~rt,https://en.wikipedia.org/wiki/Monterey%E2%80%93Salinas_Transit
Q16984346,o-9q6-sanluisobisporegionaltransitauthority,operator,San Luis Obispo Regional Transit Authority,f-9q6-sanluisobisporegionaltransitauthority~pasoroblesexpress~so;f-9q6-sanluisobisporegionaltransitauthority~pasoroblesexpress~so~rt,https://en.wikipedia.org/wiki/San_Luis_Obispo_Regional_Transit_Authority
Q16984591,o-dqf3-shoretransit,operator,Tri-County Council for the Lower Eastern Shore of Maryland,f-dqf3-shoretransit;f-dqf3-shoretransit~rt,https://en.wikipedia.org/wiki/Shore_Transit
Q16984607,o-9t9e-cityofsierravista,operator,City of Sierra Vista,f-9t9e-cityofsierravista,https://en.wikipedia.org/wiki/Sierra_Vista_Public_Transit_System
Q16984743,o-9qc0-soltrans,operator,Solano County Transit,f-9qc0-soltrans~ca~us;f-sf~bay~area~rg;f-sf~bay~area~rg~rt,https://en.wikipedia.org/wiki/SolTrans
Q16986841,o-freedom~transit~pa~us,operator,Freedom Transit,f-freedom~transit~pa~us;f-freedom~transit~pa~us~rt,"https://en.wikipedia.org/wiki/Freedom_Transit_%28Washington_County,_Pennsylvania%29"
Q17084449,o-dru8-advancetransit,operator,Advance Transit,f-advancetransit~rt;f-dru8-advancetransit,https://en.wikipedia.org/wiki/Advance_Transit
Q17086042,o-u6-vytravel,operator,VY Bus4You,f-entur~rt;f-u4-ruter~flybussen~stfoldkollektivtrafikk~hedmarktrafikk~oppla,https://en.wikipedia.org/wiki/Vy_bus4you
Q171221,o-dqc-met,operator,Washington Metropolitan Area Transit Authority,f-dqc-wmata~bus;f-dqc-wmata~rail;f-wmata~bus~rt;f-wmata~rail~rt,https://en.wikipedia.org/wiki/Washington_Metro
Q17176349,o-t2c~clermont~fr,operator,T2C,f-t2c~clermont~fr;f-t2c~clermont~fr~rt,
Q17183238,o-dqcq-regionaltransportationagencyofcentralmaryland,operator,Regional Transportation Agency of Central Maryland,f-dqcq-regionaltransportationagencyofcentralmaryland;f-dqcq-regionaltransportationagencyofcentralmaryland~rt;f-dqcq-regionaltransportationagencyofcentralmaryland~rt~alerts,https://en.wikipedia.org/wiki/Regional_Transportation_Agency_of_Central_Maryland
Q171985,o-drt-mbta,operator,Massachusetts Bay Transportation Authority,f-drt-mbta;f-mbta~rt,https://en.wikipedia.org/wiki/Massachusetts_Bay_Transportation_Authority
Q17519150,o-gbqu-semitan,operator,Société d'Economie Mixte des Transports de l'Agglomération Nantaise,f-gbqu-semitan;f-gbqu-semitan~rt,
Q17522158,o-u4w-brakar,operator,Brakar,f-entur~rt;f-u4-ruter~flybussen~stfoldkollektivtrafikk~hedmarktrafikk~oppla,
Q1753708,o-c20fb-portlandstreetcar,operator,Portland Streetcar,f-c20-trimet,https://en.wikipedia.org/wiki/Portland_Streetcar
Q17640177,o-tbk~quimperle~fr,operator,TBK,f-tbk~quimperle~fr;f-tbk~quimperle~fr~rt,
Q1766623,o-c20-trimet,operator,Tri-County Metropolitan Transportation District of Oregon,f-c20-trimet;f-trimet~rt,https://en.wikipedia.org/wiki/TriMet
Q1771156,o-uk5-torghatten,operator,Torghatten,f-entur~rt;f-u4-ruter~flybussen~stfoldkollektivtrafikk~hedmarktrafikk~oppla,https://en.wikipedia.org/wiki/Torghatten_%28company%29
Q1778212,o-sp3e-tmb,operator,Transports Metropolitans de Barcelona,f-sp3e-tmb,https://en.wikipedia.org/wiki/Transports_Metropolitans_de_Barcelona
Q1779936,o-u5-tideas,operator,Tide AS,f-entur~rt;f-u4-ruter~flybussen~stfoldkollektivtrafikk~hedmarktrafikk~oppla,https://en.wikipedia.org/wiki/Tide_%28transportation_company%29
Q17978,o-dpz8-ttc,operator,Toronto Transit Commission,f-dpz8-ttc;f-dpz8-ttc~surface;f-dpz8-ttc~surface~rt,https://en.wikipedia.org/wiki/Toronto_Transit_Commission
Q1814208,o-dp3-metra,operator,Metra,f-dp3-metra;f-metra~rt,https://en.wikipedia.org/wiki/Metra
Q18325550,o-u4x-flytoget,operator,Flytoget,f-entur~rt;f-u4-ruter~flybussen~stfoldkollektivtrafikk~hedmarktrafikk~oppla,
Q18415246,o-mhr8-estival,operator,ESTIVAL,f-estival~seau~fr,
Q18477463,o-7pkd-metrofor,operator,METROFOR,f-metrofor~ce~br,
Q18480910,o-75cj-internorte,operator,Internorte,f-rioonibus~br,
Q18480916,o-75cj-intersul,operator,Intersul,f-rioonibus~br,
Q1863801,o-dqc-marylandtransitadministration,operator,Maryland Transit Administration,f-dq-mtamaryland~bus;f-dq-mtamaryland~bus~rt;f-dq-mtamaryland~commuterbus;f-dq-mtamaryland~commuterbus~rt;f-dq-mtamaryland~marc;f-dq-mtamaryland~raillink;f-dq-mtamaryland~raillink~rt;f-dq-mtamaryland~subwaylink;f-dq-mtamaryland~subwaylink~rt;f-mtamaryland~marc~train~rt;f-mtamaryland~rt~alerts,https://en.wikipedia.org/wiki/Maryland_Transit_Administration
Q191987,o-ezjm-informaciónoficial~consorcioregionaldetransportesdemadrid,operator,Metro de Madrid,f-ezjm-informaciónoficial~consorcioregionaldetransportesdemadrid,https://en.wikipedia.org/wiki/Madrid_Metro
Q1925728,o-metro~malaga,operator,Málaga Metro,f-metro~malaga,https://en.wikipedia.org/wiki/M%C3%A1laga_Metro
Q1935975,o-dp9-milwaukeecountytransitsystem,operator,Milwaukee County Transit System,f-dp9-milwaukeecountytransitsystem;f-dp9-milwaukeecountytransitsystem~rt,https://en.wikipedia.org/wiki/Milwaukee_County_Transit_System
Q19393113,o-uk-tromsfylkestrafikk,operator,Svipper,f-entur~rt;f-u4-ruter~flybussen~stfoldkollektivtrafikk~hedmarktrafikk~oppla,
Q19865819,o-dru-vermonttranslines,operator,Vermont Translines,f-dru-vttranslines~vt~us;f-dru-vttranslines~vt~us~rt;f-dru-vttranslines~vt~us~rt~alerts;f-utel~uiuc~intercity~bus,https://en.wikipedia.org/wiki/Vermont_Translines
Q19877002,o-the~hop~mke,operator,City of Milwaukee,f-the~hop~mke,https://en.wikipedia.org/wiki/The_Hop_%28streetcar%29
Q19878145,o-9qx5-suntran,operator,City of St. George,f-9qx5-suntran,https://en.wikipedia.org/wiki/SunTran_%28St._George%29
Q19898668,o-w21z-tts,operator,Tower Transit Singapore,f-w21z-lta~bus,https://en.wikipedia.org/wiki/Tower_Transit_Singapore
Q20065309,o-rckm-atmetro,operator,AT Metro,f-auckland~transport~rt;f-rck-gowest~sealinkgroup~atairporter~atmetro~thepartybuscompany,https://en.wikipedia.org/wiki/AT_Metro
Q2037863,o-dr4-septa,operator,Southeastern Pennsylvania Transportation Authority,f-dr4-septa~bus;f-dr4-septa~rail;f-septa~rail~rt;f-septa~rt,https://en.wikipedia.org/wiki/SEPTA
Q2043730,o-dr4e-portauthoritytransitcorporation,operator,Port Authority Transit Corporation,f-dr4e-patco,https://en.wikipedia.org/wiki/PATCO_Speedline
Q204807,o-dr-peterpanbuslines,operator,Peter Pan Bus Lines,f-dr-peterpanbuslines;f-utel~uiuc~intercity~bus,https://en.wikipedia.org/wiki/Peter_Pan_Bus_Lines
Q20708878,o-dre-berkshiremetroaltransitauthority,operator,Berkshire Regional Transit Authority,f-dre-berkshire~ma~us,https://en.wikipedia.org/wiki/Berkshire_Regional_Transit_Authority
Q20710576,o-dpg-bayareatransportationauthority,operator,Bay Area Transportation Authority,f-bay~area~transportation~authority~mi;f-bay~area~transportation~authority~mi~rt,https://en.wikipedia.org/wiki/Bay_Area_Transportation_Authority
Q20712385,o-c22-masontransitauthority,operator,Mason Transit Authority,f-c22-mason~wa~us,https://en.wikipedia.org/wiki/Mason_Transit_Authority
Q20715003,o-nm~dot~park~and~ride~nm~us,operator,NMDOT Park and Ride,f-nm~dot~park~and~ride~nm~us,https://en.wikipedia.org/wiki/NMDOT_Park_and_Ride
Q20715059,o-drmg-marthasvineyardtransitauthority,operator,Martha's Vineyard Transit Authority,f-drmg-marthasvineyard~ma~us,https://en.wikipedia.org/wiki/Martha%27s_Vineyard_Transit_Authority
Q2078562,o-drt6-lowellregionaltransitauthority,operator,Lowell Regional Transit Authority,f-drt6-lowellregionaltransitauthority;f-drt6-lowellregionaltransitauthority~rt,https://en.wikipedia.org/wiki/Lowell_Regional_Transit_Authority
Q20953352,o-u4x-vkt,operator,VKT,f-entur~rt;f-u4-ruter~flybussen~stfoldkollektivtrafikk~hedmarktrafikk~oppla,https://en.wikipedia.org/wiki/Vestfold_Kollektivtrafikk
Q2099900,o-pmdp,operator,"Plzeňské městské dopravní podniky, a.s.",f-plzen,
Q21008239,o-oleane~sables~d~olonne~fr,operator,Oléane,f-oleane~sables~d~olonne~fr,
Q21009488,o-transagglo~manosque~fr,operator,Trans'Agglo,f-transagglo~manosque~fr,
Q21027383,o-le~bus~clermontois~fr,operator,Le Bus,f-le~bus~clermontois~fr;f-le~bus~clermontois~fr~rt;f-le~bus~clermontois~tad~fr,
Q2138272,o-9vrf-neworleansrta,operator,New Orleans Regional Transit Authority,f-9vrf-neworleansrta,https://en.wikipedia.org/wiki/New_Orleans_Regional_Transit_Authority
Q2196924,o-dp4d-indygo,operator,Indianapolis Public Transportation Corporation,f-dp4d-indygo;f-indygo~rt,https://en.wikipedia.org/wiki/IndyGo
Q21971377,o-sta~altoadige,operator,STA - Strutture Trasporto Alto Adige,f-sta~altoadige;f-sta~altoadige~rt,
Q22058969,o-kootenai~citylink,operator,Kootenai Citylink,f-kootenai~citylink;f-kootenai~citylink~rt;f-kootenai~citylink~rural,https://en.wikipedia.org/wiki/Citylink_%28Idaho%29
Q22268903,o-u5-fram,operator,FRAM,f-entur~rt;f-u4-ruter~flybussen~stfoldkollektivtrafikk~hedmarktrafikk~oppla,
Q22271918,o-r3grs-parramattalightrail,operator,Parramatta Light Rail,f-nsw~lightrail~rt;f-r6-nswtrainlink~sydneytrains~buswayswesternsydney~interlinebus,https://en.wikipedia.org/wiki/Parramatta_Light_Rail
Q23016561,o-dhw-miamidadetransit,operator,Miami Dade Transit,f-dhw-miamidadetransit;f-miamidadetransit~rt;f-miamidadetransit~rt~alerts,https://en.wikipedia.org/wiki/Metrobus_%28Miami-Dade_County%29
Q23239,o-9-amtrak,operator,Amtrak,f-9-amtrak~amtrakcalifornia~amtrakcharteredvehicle;f-amtrakvermonter~vt~us,https://en.wikipedia.org/wiki/Amtrak
Q23582186,o-9wk-ncrtd,operator,North Central Regional Transit District,f-ncrtd~nm;f-ncrtd~nm~rt,https://en.wikipedia.org/wiki/North_Central_Regional_Transit_District
Q2361824,o-keolis~dijon~fr,operator,Keolis Dijon Mobilités,f-keolis~dijon~fr;f-keolis~dijon~fr~rt,
Q24088927,o-u-snälltåget,operator,Snälltåget,f-entur~rt;f-u4-ruter~flybussen~stfoldkollektivtrafikk~hedmarktrafikk~oppla,https://en.wikipedia.org/wiki/Sn%C3%A4llt%C3%A5get
Q2443914,o-spx-toremartoscanaregionalemarittimaspa,operator,Toremar Toscana Regionale Marittima,f-spx-toremartoscanaregionalemarittimaspa,https://en.wikipedia.org/wiki/Toremar
Q2452212,o-dhx-tri~rail,operator,South Florida Regional Transportation Authority,f-dhx-tri~rail;f-dhx-tri~rail~rt,https://en.wikipedia.org/wiki/Tri-Rail
Q24663,o-eyc-mts,operator,Metro Transportes do Sul,f-eyc-mts,https://en.wikipedia.org/wiki/Metro_Transportes_do_Sul
Q24698874,o-w21z-gas,operator,Go-Ahead Singapore,f-w21z-lta~bus,https://en.wikipedia.org/wiki/Go-Ahead_Singapore
Q2476154,o-ez-renfeoperadora,operator,Renfe-Operadora,f-ez-renfeoperadora,https://en.wikipedia.org/wiki/Renfe
Q2493414,o-c22e-intercitytransit,operator,Intercity Transit,f-c22e-intercitytransit;f-intercitytransit~rt,https://en.wikipedia.org/wiki/Intercity_Transit
Q24936087,o-u02y-azalysblois,operator,Azalys (Blois),f-azalys~blois~fr;f-azalys~blois~fr~rt,
Q24937927,o-corsica~linea~fr,operator,Corsica Linea,f-corsica~linea~fr,https://en.wikipedia.org/wiki/Corsica_Linea
Q25000402,o-c22-graysharbortransit,operator,Grays Harbor Transit,f-c22-graysharbortransit,https://en.wikipedia.org/wiki/Grays_Harbor_Transit
Q25000891,o-c26-linktransit,operator,Chelan-Douglas PTBA,f-c26-linktransit~wa~us;f-c26-linktransit~wa~us~rt,https://en.wikipedia.org/wiki/Link_Transit
Q25001269,o-9rbs-linnshuttle,operator,Linn Shuttle,f-9rbs-linnshuttle~or~us,https://en.wikipedia.org/wiki/Linn_Shuttle
Q25434025,o-u5j1-thefjords,operator,The Fjords,f-entur~rt;f-u4-ruter~flybussen~stfoldkollektivtrafikk~hedmarktrafikk~oppla,
Q2618100,o-seattlemonorail~wa~us,operator,Seattle Center Monorail,f-seattlemonorail~wa~us,https://en.wikipedia.org/wiki/Seattle_Center_Monorail
Q262762,o-u4-nor~waybussekspressas,operator,NOR-WAY Bussekspress,f-entur~rt;f-u4-ruter~flybussen~stfoldkollektivtrafikk~hedmarktrafikk~oppla,https://en.wikipedia.org/wiki/Nor-Way_Bussekspress
Q2661305,o-w21z-sbst,operator,SBS Transit,f-w21z-lta~bus;f-w21z-lta~rail,https://en.wikipedia.org/wiki/SBS_Transit
Q26987418,o-dr5r-nycferry,operator,NYC Ferry,f-dr5r-nycferry;f-nycferry~rt,https://en.wikipedia.org/wiki/NYC_Ferry
Q27012668,o-dhx-brightlinetrainsllc,operator,Brightline Trains LLC,f-brightline~trails;f-brightline~trails~rt,https://en.wikipedia.org/wiki/Brightline
Q2777980,o-drt3pb-massport,operator,Massport,f-drt-mbta;f-drt3-909983,https://en.wikipedia.org/wiki/Massachusetts_Port_Authority
Q2826802,o-agglobus~rodez~fr,operator,Agglobus Rodez,f-agglobus~rodez~fr,
Q28404107,o-dru-greenmountaintransitagency,operator,Green Mountain Transit,f-chittendoncounty~rt;f-dru-chittendoncounty~vt~us,https://en.wikipedia.org/wiki/Green_Mountain_Transit
Q28445738,o-granttransit~wa~us,operator,Grant Transit Authority,f-granttransit~wa~us,https://en.wikipedia.org/wiki/Grant_Transit_Authority
Q28445739,o-c0r-pacifictransit,operator,Pacific Transit,f-c0r-pacifictransit,https://en.wikipedia.org/wiki/Pacific_Transit_System
Q28448928,o-drsh-moover,operator,Southeast Vermont Transit,f-drsh-dvtamoover~vt~us;f-dvtamoover~vt~rt,https://en.wikipedia.org/wiki/Southeast_Vermont_Transit
Q28451485,o-c25y-valleytransit,operator,Valley Transit,f-c25y-valleytransit;f-c25y-valleytransit~rt,https://en.wikipedia.org/wiki/Valley_Transit_%28Washington%29
Q28451877,o-c20w-rivercitiestransit,operator,RiverCities Transit,f-c20w-rivercitiestransit~wa~us,https://en.wikipedia.org/wiki/RiverCities_Transit_%28Washington%29
Q28494587,o-zenbus~sitac~calais,operator,Syndicat Intercommunal des Transports urbains de l'Agglomération du Calaisis,f-zenbus~sitac~calais;f-zenbus~sitac~calais~rt,
Q28495631,o-transpor~pays~de~l~or~fr,operator,Transp'Or,f-transpor~pays~de~l~or~fr;f-transpor~pays~de~l~or~fr~rt,
Q286650,o-s-trenitalia,operator,Trenitalia,f-sp-trenitaliaspa;f-spn-trenitalia;f-trenitalia~liguria;f-u0j-trenitalia,https://en.wikipedia.org/wiki/Trenitalia
Q287167,o-9q9-sanjoaquins,operator,San Joaquin Joint Powers Authority,f-9q9-sanjoaquins,https://en.wikipedia.org/wiki/Gold_Runner
Q2872528,o-grand~poitiers~vitalis,operator,VITALIS,f-grand~poitiers~vitalis;f-grand~poitiers~vitalis~rt,
Q2925773,o-brittanyferries,operator,Brittany Ferries,f-brittanyferries~fr,https://en.wikipedia.org/wiki/Brittany_Ferries
Q2974407,o-citalis~reunion~fr,operator,Citalis,f-citalis~reunion~fr;f-papang~reunion~fr,
Q2990068,o-u0tk-cts,operator,Compagnie des Transports Strasbourgeois,f-u0tk-cts,https://en.wikipedia.org/wiki/Compagnie_des_Transports_Strasbourgeois
Q2997619,o-corolis~beauvais~fr,operator,Corolis,f-corolis~beauvais~fr;f-corolis~beauvais~fr~rt;f-corolis~interurbain~fr;f-corolis~interurbain~fr~rt;f-corolis~tad~fr,https://en.wikipedia.org/wiki/Corolis
Q3071736,o-filbleu~tours~fr,operator,Syndicat des Mobilités de Touraine,f-filbleu~tours~fr;f-filbleu~tours~fr~rt,
Q3116073,o-dpcm-greenbaymetro,operator,Green Bay Metro,f-green~bay~wi~us;f-green~bay~wi~us~rt,https://en.wikipedia.org/wiki/Green_Bay_Metro
Q3126462,o-dpxj-hamiltonstreetrailway,operator,Hamilton Street Railway,f-dpxj-hamiltonstreetrailway,https://en.wikipedia.org/wiki/Hamilton_Street_Railway
Q31313,o-dp3-northernindianacommutertransportationdistrict,operator,Northern Indiana Commuter Transportation District,f-northern~indiana~commuter~transportation~district,https://en.wikipedia.org/wiki/South_Shore_Line
Q3162795,o-r3gx-sydneyferries,operator,Sydney Ferries,f-nsw~ferries;f-nsw~ferries~rt;f-r6-nswtrainlink~sydneytrains~buswayswesternsydney~interlinebus,https://en.wikipedia.org/wiki/Sydney_Ferries
Q3233177,o-tm~montauban~fr,operator,Transports Montalbanais,f-tm~montauban~fr,
Q3259702,o-9q5-metro~losangeles,operator,Los Angeles County Metropolitan Transportation Authority,f-9q5-metro~losangeles;f-9q5-metro~losangeles~rail;f-metro~losangeles~alerts;f-metro~losangeles~bus~rt;f-metro~losangeles~rail~rt,https://en.wikipedia.org/wiki/Los_Angeles_Metro
Q3259703,o-9q5-ladot,operator,Los Angeles Department of Transportation,f-9q5-ladot;f-ladot~rt,https://en.wikipedia.org/wiki/Los_Angeles_Department_of_Transportation
Q3267863,o-w21z-smrt,operator,SMRT Corporation,f-w21z-lta~bus;f-w21z-lta~rail,https://en.wikipedia.org/wiki/SMRT_Corporation
Q3276317,o-u01z-maelis,operator,Maelis,f-reseau~maelis~montlucon~communaute;f-reseau~maelis~montlucon~communaute~rt,
Q3299279,o-w21z-singapore~landtransportauthority,operator,Land Transport Authority,f-w21z-lta~rail,https://en.wikipedia.org/wiki/Land_Transport_Authority
Q3307442,o-9zv-metrotransit,operator,Metro Transit,f-9zv-twin~cities~minnesota;f-twin~cities~minnesota~rt,https://en.wikipedia.org/wiki/Metro_Transit_%28Minnesota%29
Q3315680,o-mio~millau~fr,operator,MIO,f-mio~millau~fr,
Q3327041,o-mozaik~martinique~fr,operator,Mozaïk,f-mozaik~martinique~fr;f-mozaik~martinique~fr~rt,
Q3347525,o-f24-octranspo,operator,Ottawa-Carleton Regional Transit Commission,f-f24-octranspo;f-f24-octranspo~rt,https://en.wikipedia.org/wiki/OC_Transpo
Q3356500,o-orleans~express~ca,operator,Orléans Express,f-orleans~express~ca,https://en.wikipedia.org/wiki/Keolis_Canada
Q335971,o-u2e9-wlb,operator,Wiener Lokalbahnen,f-u2ed-wienerlinien~wlb,https://en.wikipedia.org/wiki/Wiener_Lokalbahnen
Q3360030,o-dp3-pace,operator,Pace Suburban Bus,f-dp3-pace;f-dp3-pace~rt,https://en.wikipedia.org/wiki/Pace_Suburban_Bus
Q3375714,o-dpp1s-wvuprt,operator,West Virginia University Morgantown Personal Rapid Transit,f-west~virginia~university,https://en.wikipedia.org/wiki/Morgantown_Personal_Rapid_Transit
Q3456857,o-cars~région~fr,operator,Cars Région Isère,f-cars~région~fr;f-cars~région~fr~rt,
Q3471406,o-9mu-mts,operator,San Diego Metropolitan Transit System,f-9mu-mts;f-mts~rt~mecatrans;f-mts~rt~onebusaway,https://en.wikipedia.org/wiki/San_Diego_Metropolitan_Transit_System
Q3480395,o-u0sk-réseaustan,operator,Réseau STAN,f-u0sk-réseaustan;f-u0sk-réseaustan~rt,
Q3480441,o-le~sit~pompey~fr,operator,Le SIT,f-le~sit~pompey~fr,
Q3488036,o-saguenay~qc~ca,operator,Société de transport du Saguenay,f-saguenay~qc~ca;f-saguenay~qc~ca~rt,https://en.wikipedia.org/wiki/Soci%C3%A9t%C3%A9_de_transport_du_Saguenay
Q3499385,o-stibus~maubeuge~fr,operator,Stibus,f-stibus~maubeuge~fr,
Q3500373,o-c28-washingtonstateferries,operator,Washington State Ferries,f-c28-washingtonstateferries;f-wsf~rt,https://en.wikipedia.org/wiki/Washington_State_Ferries
Q3503715,o-djn-floridadepartmentoftransportation,operator,Central Florida Commuter Rail Commission,f-djn-floridadepartmentoftransportation,https://en.wikipedia.org/wiki/SunRail
Q3512143,o-u0u1-tgl,operator,TGL,f-tgl~seau~fr;f-tgl~seau~fr~rt,
Q3514545,o-tallis~lons~fr,operator,Tallis,f-tallis~lons~fr,
Q3519640,o-sete~agglopole~mobilite~fr,operator,Sète Agglopôle Mobilité,f-sete~agglopole~mobilite~fr;f-sete~agglopole~mobilite~fr~rt,
Q3536559,o-sgg5z-gr~προαστιακόςσιδηρόδρομοςπατρών,operator,Προαστιακός Σιδηρόδρομος Πατρών,f-sgg5z-gr~προαστιακόςσιδηρόδρομοςπατρών,
Q3537637,o-dng1-transitauthorityofrivercity,operator,Transit Authority of River City,f-dng1-transitauthorityofrivercity;f-tarc~rt,https://en.wikipedia.org/wiki/Transit_Authority_of_River_City
Q3537812,o-u05r-tréma,operator,TréMA,f-tréma~fr,
Q3537813,o-zenbus~moselle~et~madon,operator,Transport en Moselle et Madon,f-zenbus~moselle~et~madon;f-zenbus~moselle~et~madon~rt,
Q3537922,o-spfb-tam~montpellier,operator,Transports de l'agglomération de Montpellier,f-spfb-tam~montpellier;f-spfb-tam~montpellier~rt,https://en.wikipedia.org/wiki/Transports_de_l%27Agglom%C3%A9ration_de_Montpellier
Q3537926,o-tedbus~draguignan~fr,operator,TedBus,f-tedbus~draguignan~fr;f-tedbus~draguignan~fr~rt,
Q3537931,o-zenbus~tempobus,operator,Tempobus,f-zenbus~tempobus;f-zenbus~tempobus~rt,
Q3537936,o-ametis~amiens~fr,operator,Ametis,f-ametis~amiens~fr;f-ametis~amiens~fr~rt,
Q3537940,o-orizo~grand~avignon,operator,Transports en Commun Région d'Avignon,f-orizo~grand~avignon;f-orizo~grand~avignon~rt,https://en.wikipedia.org/wiki/Orizo
Q3537943,o-u03e-agglobusbourges,operator,Agglobus (Bourges),f-agglobus~bourges~fr;f-agglobus~bourges~fr~rt,
Q3537954,o-citibus~narbonne~fr,operator,Citibus,f-citibus~narbonne~fr;f-citibus~narbonne~fr~rt,
Q3537956,o-spg1-tango,operator,Transdev Nîmes Mobilités,f-spg1-tango;f-spg1-tango~rt,
Q3537958,o-u0df-tcat,operator,TCAT,f-troyes~tcat~fr;f-troyes~tcat~fr~rt,
Q3537963,o-spez-paysdaixmobilite,operator,Pays d'Aix mobilité,f-spez-paysdaixmobilite,
Q3537966,o-tcvo~orange~fr,operator,TCVO,f-tcvo~orange~fr,
Q3537982,o-gbxt6-nemus,operator,NEMUS,f-nemus~seau~flersagglo~fr;f-nemus~seau~flersagglo~fr~rt,
Q3538018,o-transvilles~valenciennes~fr,operator,Transvilles,f-transvilles~valenciennes~fr;f-transvilles~valenciennes~fr~rt,
Q3546669,o-spsjq-téléphériquedufaron,operator,Téléphérique du Faron,f-tlphriquedufaron~rique~mont~fr,
Q3553869,o-9tb-valleymetro,operator,Valley Metro,f-9tb-valleymetro;f-valleymetro~rt,https://en.wikipedia.org/wiki/Valley_Metro
Q3648938,o-snyr-ctmspa~cagliari,operator,CTM SpA Cagliari,f-snyr-ctmspa~cagliari,
Q366110,o-stcp~porto~pt,operator,Sociedade Transportes Colectivos do Porto,f-stcp~porto~pt,https://en.wikipedia.org/wiki/Sociedade_de_Transportes_Colectivos_do_Porto
Q380660,o-9vg-dallasarearapidtransit,operator,Dallas Area Rapid Transit,f-9vg-dallasarearapidtransit,https://en.wikipedia.org/wiki/Dallas_Area_Rapid_Transit
Q3965367,o-c23-soundtransit,operator,Sound Transit,f-c22-piercetransit~soundtransit;f-c23-metrokingcounty;f-c23-soundtransit;f-c29-communitytransit;f-soundtransit~rt,https://en.wikipedia.org/wiki/Sound_Transit
Q40209345,o-oseth~thessaloniki~gr,operator,Οργανισμός Συγκοινωνιακού Έργου Θεσσαλονίκης - Thessaloniki Transport Authority,f-oseth~thessaloniki~gr,https://en.wikipedia.org/wiki/Thessaloniki_Transport_Authority
Q406683,o-dr5x2-jfkairtrain,operator,JFK Airtrain,f-dr5x2-jfkairtrain,https://en.wikipedia.org/wiki/AirTrain_JFK
Q41561711,o-us-snelandia,operator,Snelandia,f-entur~rt;f-u4-ruter~flybussen~stfoldkollektivtrafikk~hedmarktrafikk~oppla,
Q4209298,o-prasarana~my,operator,Prasarana Malaysia,f-mybas~rapid~bus~kl~rt;f-mybas~rapid~bus~kuantan~rt;f-mybas~rapid~bus~mrt~feeder~rt;f-mybas~rapid~bus~penang~rt;f-mybas~rapid~rail~kl~rt;f-rapid~bus~kl;f-rapid~bus~kuantan;f-rapid~bus~mrt~feeder;f-rapid~bus~penang;f-rapid~rail~kl,https://en.wikipedia.org/wiki/Prasarana_Malaysia
Q42377159,o-dr6-martztrailways,operator,Martz Trailways,f-9-amtrak~amtrakcalifornia~amtrakcharteredvehicle;f-utel~uiuc~intercity~bus,https://en.wikipedia.org/wiki/Martz_Group
Q429748,o-d2g6-transmilenio,operator,TransMilenio,f-d2g6-transmilenio~troncal~transmilenio~alimentadores~transmile,https://en.wikipedia.org/wiki/TransMilenio
Q434302,o-9q9-acealtamontcorridorexpress,operator,Altamont Corridor Express,f-9q9-acealtamontcorridorexpress;f-sf~bay~area~rg;f-sf~bay~area~rg~rt,https://en.wikipedia.org/wiki/Altamont_Corridor_Express
Q4353850,o-9q9-actransit,operator,Alameda-Contra Costa Transit District,f-9q9-actransit;f-sf~bay~area~rg;f-sf~bay~area~rg~rt,https://en.wikipedia.org/wiki/AC_Transit
Q4568733,o-u4-skyss,operator,Skyss,f-entur~rt;f-u4-ruter~flybussen~stfoldkollektivtrafikk~hedmarktrafikk~oppla,https://en.wikipedia.org/wiki/Skyss
Q4667763,o-abilene~tx~us,operator,Abilene CityLink,f-abilene~tx~us,https://en.wikipedia.org/wiki/Abilene_CityLink
Q4691685,o-u4m-agderkollektivtrafikkas,operator,Agder Kollektivtrafikk AS,f-entur~rt;f-u4-ruter~flybussen~stfoldkollektivtrafikk~hedmarktrafikk~oppla,https://en.wikipedia.org/wiki/Agder_Kollektivtrafikk
Q4698613,o-airdrie~ab~ca,operator,Airdrie Transit,f-airdrie~ab~ca,https://en.wikipedia.org/wiki/Airdrie_Transit
Q4709399,o-albany~ga~us,operator,Albany Transit System,f-albany~ga~us,https://en.wikipedia.org/wiki/Albany_Transit_System
Q4731234,o-dppc-alleganycountytransit,operator,Allegany County Transit,f-dppc-alleganycountytransit,https://en.wikipedia.org/wiki/Allegany_County_Transit
Q4731601,o-acrta~oh~us,operator,Allen County Regional Transit Authority,f-acrta~oh~us,https://en.wikipedia.org/wiki/Allen_County_Regional_Transportation_Authority
Q4740260,o-9wr8-amarillocitytransit,operator,Amarillo City Transit,f-amarillo~city~transit,https://en.wikipedia.org/wiki/Amarillo_City_Transit
Q4766233,o-dps2-annarborareatransportationauthority,operator,Ann Arbor Area Transportation Authority,f-dps2-annarborareatransportationauthority,https://en.wikipedia.org/wiki/Ann_Arbor_Area_Transportation_Authority
Q4767978,o-dqct-annapolistransit,operator,Annapolis Transit,f-dqct-annapolistransit,https://en.wikipedia.org/wiki/Annapolis_Transit
Q4771209,o-antelope~valley~transit~authority,operator,Antelope Valley Transit Authority,f-antelope~valley~transit~authority;f-antelope~valley~transit~authority~rt,https://en.wikipedia.org/wiki/Antelope_Valley_Transit_Authority
Q4785261,o-9prb8-arcata~madrivertransitsystem,operator,Arcata & Mad River Transit System,f-9pp-humboldtcounty~ca~us;f-9pp-humboldtcounty~ca~us~rt~alerts,https://en.wikipedia.org/wiki/Arcata_and_Mad_River_Transit_System
Q4792406,o-dqcjj-arlingtontransit,operator,Arlington Transit,f-art~rt;f-dqcjj-arlingtontransit,https://en.wikipedia.org/wiki/Arlington_Transit
Q4802468,o-9q7-arvintransit,operator,Arvin Transit,f-arvin~ca~us,https://en.wikipedia.org/wiki/Arvin_Transit
Q4804926,o-dnm6-ashevilleredefinestransit,operator,Asheville Redefines Transit,f-dnm6-asheville~nc~us;f-dnm6-asheville~nc~us~alerts;f-dnm6-asheville~nc~us~rt,https://en.wikipedia.org/wiki/Asheville_Rides_Transit
Q4805227,o-cityofashland~ky~us,operator,Ashland Bus System,f-cityofashland~ky~us,https://en.wikipedia.org/wiki/Ashland_Bus_System
Q4813536,o-dnh9-athensclarkecountytransit,operator,Athens Clarke County Transit,f-athens~clarke~county~ga;f-athens~clarke~county~ga~rt,https://en.wikipedia.org/wiki/Athens_Transit
Q4820957,o-augusta~ga~us,operator,Augusta Transit,f-augusta~ga~us,
Q4840840,o-dp8-badgerbus,operator,Badger Bus,f-9-amtrak~amtrakcalifornia~amtrakcharteredvehicle;f-utel~uiuc~intercity~bus,https://en.wikipedia.org/wiki/Badger_Bus
Q4870022,o-cityofbattlecreek~mi~us,operator,Battle Creek Transit,f-cityofbattlecreek~mi~us,https://en.wikipedia.org/wiki/Battle_Creek_Transit
Q4874138,o-dj75-baytowntrolley,operator,Bay Town Trolley,f-baytowntrolley~fl~rt;f-baytowntrolley~fl~rt~alerts;f-dj75-baytowntrolley~fl~us,https://en.wikipedia.org/wiki/Bayway
Q4875696,o-9q5b-beachcitiestransit~cityofredondobeach,operator,Beach Cities Transit - City of Redondo Beach,f-redondo~beach~cities~transit;f-redondo~beach~cities~transit~rt,https://en.wikipedia.org/wiki/Beach_Cities_Transit
Q4876580,o-9q9p3-beartransit,operator,University of California Berkeley Shuttle,f-beartransit~ca~us,https://en.wikipedia.org/wiki/Bear_Transit
Q4878009,o-dpnz-bcta,operator,Beaver County Transit Authority,f-dpnz-bcta;f-dpnz-bcta~rt,https://en.wikipedia.org/wiki/Beaver_County_Transit_Authority
Q4879491,o-dr7-westchestercountybee~linesystem,operator,Westchester County Bee-Line System,f-dr7-westchestercountybee~linesystem;f-westchestercountybee~linesystem~rt,https://en.wikipedia.org/wiki/Bee-Line_Bus_System
Q4883698,o-dp9e-belleurbansystem,operator,Racine Transit,f-dp9e-belleurbansystem;f-dp9e-belleurbansystem~rt,https://en.wikipedia.org/wiki/Ryde_Racine
Q4884499,o-dp89-beloittransitsystem,operator,Beloit Transit System,f-dp89-beloittransit~wi~us;f-dp89-beloittransit~wi~us~rt,https://en.wikipedia.org/wiki/Beloit_Transit
Q4885675,o-c25p-benfranklintransit,operator,Ben Franklin Transit,f-c25p-benfranklintransit;f-c25p-benfranklintransit~rt,https://en.wikipedia.org/wiki/Ben_Franklin_Transit
Q4892231,o-barta~pa,operator,Berks Area Regional Transportation Authority,f-barta~pa;f-barta~pa~rt,https://en.wikipedia.org/wiki/Berks_Area_Regional_Transportation_Authority
Q4898422,o-bettendorf~ia~us,operator,Bettendorf Transit,f-bettendorf~ia~us,https://en.wikipedia.org/wiki/Bettendorf_Transit
Q4902339,o-9yzg-metrostlouis,operator,Metro St. Louis,f-9yzg-metrostlouis;f-saintlouis~rt;f-stl~loop~trolley,https://en.wikipedia.org/wiki/Bi-State_Development_Agency
Q4904035,o-biddeford~saco~old~orchard~beach,operator,Biddeford Saco Old Orchard Beach Transit,f-biddeford~saco~old~orchard~beach,https://en.wikipedia.org/wiki/Biddeford_Saco_Old_Orchard_Beach_Transit
Q4905149,o-9q5c-bigbluebus,operator,Big Blue Bus,f-9q5c-bigbluebus;f-bigbluebus~rt,https://en.wikipedia.org/wiki/Big_Blue_Bus
Q4911950,o-billings~mt~us,operator,Billings Metropolitan Transit,f-billings~mt~us;f-billings~mt~us~rt,https://en.wikipedia.org/wiki/Billings_Metropolitan_Transit
Q4916583,o-djfq-birminghamjeffersoncountytransitauthority,operator,Birmingham Jefferson County Transit Authority,f-djfq-birminghamjeffersoncountytransitauthority,https://en.wikipedia.org/wiki/MAX_Transit
Q4923343,o-dnwg-blacksburgtransit,operator,Blacksburg Transit,f-dnwg-blacksburgtransit,https://en.wikipedia.org/wiki/Blacksburg_Transit
Q4928329,o-dp0w-connecttransit,operator,Connect Transit,f-connecttransit~rt;f-dp0w-connecttransit~il~us,https://en.wikipedia.org/wiki/Connect_Transit
Q4928359,o-dnfq-bloomingtontransit,operator,Bloomington Transit,f-dnfq-bloomingtontransit;f-dnfq-bloomingtontransit~rt,https://en.wikipedia.org/wiki/Bloomington_Transit
Q4930000,o-blue~water~area~transportation~commission,operator,Blue Water Area Transit,f-blue~water~area~transportation~commission,https://en.wikipedia.org/wiki/Blue_Water_Area_Transit
Q4944779,o-u4knkf-borealnorgeas,operator,Boreal Norge,f-entur~rt;f-u4-ruter~flybussen~stfoldkollektivtrafikk~hedmarktrafikk~oppla,https://en.wikipedia.org/wiki/Boreal_Norge
Q4947903,o-boston~express~bus~inc,operator,Boston Express,f-boston~express~bus~inc,https://en.wikipedia.org/wiki/Boston_Express
Q4956262,o-dpz2-bramptontransit,operator,Brampton Transit,f-dpz2-bramptontransit;f-dpz2-bramptontransit~rt,https://en.wikipedia.org/wiki/Brampton_Transit
Q4957097,o-brandon~mb~ca,operator,Brandon Transit,f-brandon~mb~ca,https://en.wikipedia.org/wiki/Brandon_Transit
Q4972867,o-drmr-brocktonareatransitauthority,operator,Brockton Area Transit Authority,f-brockton~ma~us~rt;f-drmr-brockton~ma~us,https://en.wikipedia.org/wiki/Brockton_Area_Transit_Authority
Q4975274,o-dr6p-broomecounty,operator,Broome County,f-broome~county~ny~us,https://en.wikipedia.org/wiki/Broome_County_Transit
Q4975895,o-dhw-browardcountytransit,operator,Broward County Transit,f-dhw-browardcountytransit;f-dhw-browardcountytransit~rt;f-dhw-browardcountytransit~tracktrolley~rt,https://en.wikipedia.org/wiki/Broward_County_Transit
Q4976783,o-brownsville~tx~us,operator,Brownsville Metro,f-brownsville~tx~us,https://en.wikipedia.org/wiki/Brownsville_Metro
Q498553,o-dr5-nj~transit,operator,New Jersey Transit,f-dr5-nj~transit~bus;f-dr5-nj~transit~rail,https://en.wikipedia.org/wiki/NJ_Transit
Q4998151,o-9q5f7-burbankbus,operator,Burbank Bus,f-9q5f7-burbankbus;f-burbankbus~rt,https://en.wikipedia.org/wiki/Burbank_Bus
Q4999300,o-dp-burlingtontrailways,operator,Burlington Trailways,f-9-amtrak~amtrakcalifornia~amtrakcharteredvehicle;f-utel~uiuc~intercity~bus,https://en.wikipedia.org/wiki/Burlington_Trailways
Q5002227,o-r3g-busways,operator,Busways,f-nsw~buses~rt;f-r6-nswtrainlink~sydneytrains~buswayswesternsydney~interlinebus,https://en.wikipedia.org/wiki/Busways
Q5002811,o-butte~regional~transit,operator,Butte Regional Transit,f-butte~regional~transit;f-butte~regional~transit~rt,https://en.wikipedia.org/wiki/Butte_Regional_Transit
Q5005923,o-dnrg-carytransit,operator,GoCary,f-dnrg-cary~transit~nc~us;f-dnrg-cary~transit~nc~us~rt,https://en.wikipedia.org/wiki/GoCary
Q5005924,o-c20g-c~tran,operator,Clark County Public Transportation Benefit Area,f-c20g-c~tran;f-c20g-c~tran~flex;f-c20g-c~tran~rt,https://en.wikipedia.org/wiki/C-Tran_%28Washington%29
Q5014662,o-dr3-ctran,operator,C TRAN,f-chemung~c~tran;f-chemung~c~tran~rt,https://en.wikipedia.org/wiki/First_Transit_Operations_in_the_Southern_Tier
Q5014679,o-dqcj1-fairfaxcue,operator,Fairfax City CUE Bus,f-dqcj1-fairfaxcue,https://en.wikipedia.org/wiki/CUE_Bus
Q5015387,o-9vk-metropolitantransitauthorityofharriscounty,operator,Metropolitan Transit Authority of Harris County,f-9vk-metropolitantransitauthorityofharriscounty;f-metropolitantransitauthorityofharriscounty~rt,https://en.wikipedia.org/wiki/Houston_Metro
Q5025682,o-9zqvh-universityofiowa~cambus,operator,University of Iowa,f-9zqvh-cambus~ia~us;f-iowacitytransitsystem~rt,https://en.wikipedia.org/wiki/Cambus
Q50291920,o-u7-sjnord,operator,SJ Nord,f-entur~rt;f-u4-ruter~flybussen~stfoldkollektivtrafikk~hedmarktrafikk~oppla,https://en.wikipedia.org/wiki/SJ_Norge
Q5034570,o-drtd-capeanntransportation,operator,Cape Ann Transportation Authority,f-drtd-capeann~ma~us,https://en.wikipedia.org/wiki/Cape_Ann_Transportation_Authority
Q5034704,o-drq-capecodregionaltransitauthorityccrta,operator,Cape Cod Regional Transit Authority,f-drq-capecodregionaltransitauthorityccrta;f-drt-mbta,https://en.wikipedia.org/wiki/Cape_Cod_Regional_Transit_Authority
Q5034793,o-dq0d-wavetransit,operator,Cape Fear Public Transportation Authority,f-dq0d-wavetransit;f-dq0d-wavetransit~rt,https://en.wikipedia.org/wiki/Cape_Fear_Public_Transportation_Authority
Q5035463,o-capital~area~rural~transportation,operator,Capital Area Rural Transportation,f-capital~area~rural~transportation,https://en.wikipedia.org/wiki/Capital_Area_Rural_Transportation_System
Q5035468,o-capitalareatransit~pa,operator,Capital Area Transit,f-capitalareatransit~pa;f-capitalareatransit~pa~rt,https://en.wikipedia.org/wiki/Capital_Area_Transit_%28Harrisburg%29
Q5035469,o-dq25-goraleigh,operator,GoRaleigh,f-dq25-capital~area~transit~nc~us;f-dq25-capital~area~transit~nc~us~rt,https://en.wikipedia.org/wiki/GoRaleigh
Q5035470,o-baton~rouge~cats,operator,Capital Area Transit System,f-baton~rouge~cats;f-baton~rouge~cats~rt,https://en.wikipedia.org/wiki/Capital_Area_Transit_System
Q5035474,o-dpeg-capitalareatransportationauthority,operator,Capital Area Transportation Authority,f-cata~rt;f-dpeg-capitalareatransportationauthority,https://en.wikipedia.org/wiki/Capital_Area_Transportation_Authority
Q5035551,o-dre-cdta,operator,Capital District Transportation Authority,f-dre-cdta;f-dre-cdta~rt,https://en.wikipedia.org/wiki/Capital_District_Transportation_Authority
Q5035680,o-c427-capitaltransit,operator,Capital Transit,f-c427-cityandboroughofjuneau~ak~us;f-cityandboroughofjuneau~rt,https://en.wikipedia.org/wiki/Capital_Transit_System
Q5046916,o-9q5b-carsoncircuit,operator,Carson Circuit,f-carson~ca~us,https://en.wikipedia.org/wiki/Carson_Circuit_Transit_System
Q5054648,o-causeway~link~my,operator,Causeway Link,f-mybas~jb;f-mybas~jb~rt;f-mybas~melaka;f-mybas~melaka~rt,https://en.wikipedia.org/wiki/Causeway_Link
Q5056856,o-9zqy-cedarrapidstransit,operator,Cedar Rapids Transit,f-9zqy-cedarrapidstransit,https://en.wikipedia.org/wiki/Cedar_Rapids_Transit
Q5060353,o-9ynm-centralarkansastransitauthority,operator,Rock Region Metro,f-9ynm-centralarkansastransitauthority;f-9ynm-centralarkansastransitauthority~rt,https://en.wikipedia.org/wiki/Rock_Region_Metro
Q5061436,o-dnn3-thecomet,operator,The COMET,f-dnn3-thecomet~sc~us,https://en.wikipedia.org/wiki/The_Comet_%28transit%29
Q5061513,o-dr9-centro,operator,Central New York Regional Transportation Authority,f-dr9-centro,https://en.wikipedia.org/wiki/Central_New_York_Regional_Transportation_Authority
Q5061543,o-dphg-centralohiotransitauthority,operator,Central Ohio Transit Authority,f-cota~rt;f-dphg-centralohiotransitauthority,https://en.wikipedia.org/wiki/Central_Ohio_Transit_Authority
Q5062227,o-dr28-cata,operator,Centre County Transit Authority,f-dr28-wwwcatabuscom;f-dr28-wwwcatabuscom~rt,https://en.wikipedia.org/wiki/Centre_Area_Transportation_Authority
Q5069909,o-dp1h-champaignurbanamasstransitdistrict,operator,Champaign Urbana Mass Transit District,f-dp1h-champaignurbanamasstransitdistrict,https://en.wikipedia.org/wiki/Champaign%E2%80%93Urbana_Mass_Transit_District
Q5073024,o-dnru-chapelhilltransit,operator,Chapel Hill Transit,f-dnru-chapel~hill~transit~nc~us;f-dnru-chapel~hill~transit~nc~us~rt,https://en.wikipedia.org/wiki/Chapel_Hill_Transit
Q5084103,o-djz4-charlestonarearegionaltransportationauthority,operator,Charleston Area Regional Transportation Authority,f-djz4-carta~sc~us;f-djz4-carta~sc~us~alerts,https://en.wikipedia.org/wiki/Charleston_Area_Regional_Transportation_Authority
Q5085831,o-dnq-charlotteareatransitsystem,operator,Charlotte Area Transit System,f-dnq-charlotteareatransitsystem;f-dnq-charlotteareatransitsystem~rt,https://en.wikipedia.org/wiki/Charlotte_Area_Transit_System
Q5086235,o-dqb0q-charlottesvilleareatransit,operator,Charlottesville Area Transit,f-dqb0q-charlottesvilleareatransit;f-dqb0q-charlottesvilleareatransit~rt,https://en.wikipedia.org/wiki/Charlottesville_Area_Transit
Q5086389,o-dqcx8-charmcitycirculator,operator,Charm City Circulator,f-dqcx8-charmcitycirculator;f-dqcx8-charmcitycirculator~rt,https://en.wikipedia.org/wiki/Charm_City_Circulator
Q5087631,o-djwq-chathamareatransit,operator,Chatham Area Transit,f-djwq-chathamareatransit;f-djwq-chathamareatransit~ferry,https://en.wikipedia.org/wiki/Chatham_Area_Transit
Q5087866,o-dn5r-carta,operator,Chattanooga Area Regional Transportation Authority,f-dn5r-carta,https://en.wikipedia.org/wiki/Chattanooga_Area_Regional_Transportation_Authority
Q5088381,o-dpx-carts,operator,Chautauqua Area Regional Transit System,f-chautauqua~area~regional~transit~system,https://en.wikipedia.org/wiki/Chautauqua_Area_Rural_Transit_System
Q510836,o-9qc-capitolcorridor,operator,Capitol Corridor Joint Powers Authority,f-9qc-capitolcorridor;f-sf~bay~area~rg;f-sf~bay~area~rg~rt,https://en.wikipedia.org/wiki/Capitol_Corridor
Q5122457,o-9tzw-citibus,operator,Citibus,f-lubbock~tx~us;f-lubbock~tx~us~rt;f-lubbock~tx~us~rt~alerts,https://en.wikipedia.org/wiki/Citibus_%28Lubbock%29
Q5122471,o-cbdbx-citiesareatransit,operator,Cities Area Transit,f-cbdbx-citiesareatransit;f-citiesareatransit~rt,https://en.wikipedia.org/wiki/Cities_Area_Transit
Q5122884,o-dh-lakeland,operator,Lakeland Area Mass Transit District,f-dh-lakeland~rt;f-lakeland~availtec;f-lakeland~passio,https://en.wikipedia.org/wiki/Citrus_Connection
Q5122888,o-djjk-orangelinebuscitruscountytransit,operator,Citrus County Transit,f-djjk-citruscounty~fl~us,https://en.wikipedia.org/wiki/Citrus_County_Transit
Q5123489,o-springfield~mo~us,operator,City Utilities of Springfield,f-springfield~mo~us,https://en.wikipedia.org/wiki/City_Utilities_of_Springfield
Q5123639,o-9q5c-cityofcommercemunicipalbuslines,operator,City of Commerce Municipal Bus Lines,f-9q5c-cityofcommercemunicipalbuslines;f-9q5c-cityofcommercemunicipalbuslines~rt,https://en.wikipedia.org/wiki/City_of_Commerce_Transit
Q5123760,o-9q4-cityoflompoctransitcolt,operator,City of Lompoc Transit,f-city~of~lompoc~transit,https://en.wikipedia.org/wiki/City_of_Lompoc_Transit
Q5123847,o-djjt-suntrancityofocala,operator,Ocala SunTran,f-djjt-suntran~fl~us;f-djjt-suntran~fl~us~rt,https://en.wikipedia.org/wiki/SunTran_%28Ocala%29
Q5123908,o-santa~clarita,operator,City of Santa Clarita Transit,f-santa~clarita;f-santa~clarita~rt,https://en.wikipedia.org/wiki/City_of_Santa_Clarita_Transit
Q5125418,o-c28-clallamtransitsystem,operator,Clallam Transit System,f-c28-clallamtransitsystem,https://en.wikipedia.org/wiki/Clallam_Transit
Q5131543,o-dnjj-clemsonareatransit,operator,Clemson Area Transit,f-dnjj-clemson~sc~us,https://en.wikipedia.org/wiki/Clemson_Area_Transit
Q5131931,o-clermont~county~oh~us,operator,Clermont Transportation Connection,f-clermont~county~oh~us,https://en.wikipedia.org/wiki/Clermont_Transportation_Connection
Q5132058,o-9y68-clevelandarearapidtransitcart,operator,Campus Area Rapid Transit,f-9y68-clevelandarearapidtransitcart;f-9y68-clevelandarearapidtransitcart~rt,https://en.wikipedia.org/wiki/Campus_Area_Rapid_Transit
Q5138200,o-coast~rta~sc~us,operator,Waccamaw Regional Transportation Authority,f-coast~rta~sc~us;f-coast~rta~sc~us~rt,https://en.wikipedia.org/wiki/Coast_RTA
Q5138212,o-coast~transit~ms~us,operator,Mississippi Coast Transportation Authority,f-coast~transit~ms~us,https://en.wikipedia.org/wiki/Coast_Transit_Authority
Q5138753,o-dn5b-cobbavl,operator,Cobb Community Transit,f-dn5b-cobbavl;f-dn5b-cobbavl~rt,https://en.wikipedia.org/wiki/CobbLinc
Q5147158,o-dht-collierareatransit~cat,operator,Collier Area Transit,f-dht-collierareatransit~cat;f-dht-collierareatransit~cat~rt,https://en.wikipedia.org/wiki/Collier_Area_Transit
Q5149879,o-go~como,operator,City of Columbia,f-go~como,https://en.wikipedia.org/wiki/Go_COMO
Q5154898,o-c29-communitytransit,operator,Community Transit,f-c29-communitytransit;f-c29-communitytransit~rt,https://en.wikipedia.org/wiki/Community_Transit
Q5158773,o-concordareatransit~nh~us,operator,Concord Area Transit,f-concordareatransit~fixedroute~nh~us;f-concordareatransit~nh~us,https://en.wikipedia.org/wiki/Concord_Area_Transit
Q5158782,o-concord~coach~lines,operator,Concord Coach Lines,f-concord~coach~lines;f-utel~uiuc~intercity~bus,https://en.wikipedia.org/wiki/Concord_Coach_Lines
Q5158814,o-dnq9-concordkannapolisareatransit,operator,Concord Kannapolis Area Transit,f-dnq9-ckrider~nc~us;f-dnq9-ckrider~nc~us~rt,https://en.wikipedia.org/wiki/Concord_Kannapolis_Area_Transit
Q5161635,o-cttransit,operator,Connecticut Department of Transportation (ConnDOT),f-cttransit~hartford~line;f-cttransit~rt;f-drk-cttransit~hartford,https://en.wikipedia.org/wiki/CT_Transit_Hartford
Q5167873,o-cooperative~alliance~for~seacoast~transportation,operator,Cooperative Alliance For Seacoast Transportation,f-cooperative~alliance~for~seacoast~transportation;f-cooperative~alliance~for~seacoast~transportation~rt,https://en.wikipedia.org/wiki/Cooperative_Alliance_for_Seacoast_Transportation
Q5172658,o-9uft-corpuschristiregionaltransportationauthority,operator,Corpus Christi Regional Transportation Authority,f-corpus~christi~regional~transportation~authority;f-corpus~christi~regional~transportation~authority~rt,https://en.wikipedia.org/wiki/Corpus_Christi_Regional_Transportation_Authority
Q5177638,o-dr09-washingtoncountycommuter,operator,Washington County Transit Department,f-dr09-washingtoncountycommuter,https://en.wikipedia.org/wiki/Washington_County_Transit
Q5177640,o-9q9p-countyconnection,operator,County Connection,f-sf~bay~area~rg;f-sf~bay~area~rg~rt,https://en.wikipedia.org/wiki/County_Connection
Q5177878,o-lebanon~transit~pa~us,operator,Lebanon Transit,f-lebanon~transit~pa~us;f-lebanon~transit~pa~us~rt,https://en.wikipedia.org/wiki/Lebanon_Transit
Q5193719,o-9q5c-culvercitybus,operator,Culver CityBus,f-9q5c-culvercitybus;f-culvercitybus~rt,https://en.wikipedia.org/wiki/Culver_CityBus
Q5197082,o-dpmf-cuyahogavalleyscenicrailroad,operator,Cuyahoga Valley Scenic Railroad,f-dpmf-nps~cuva~scenic~rail,https://en.wikipedia.org/wiki/Cuyahoga_Valley_Scenic_Railroad
Q5197282,o-9zmr-cyride,operator,CyRide,f-cyride,https://en.wikipedia.org/wiki/CyRide
Q5204301,o-dr4-dartfirststate,operator,Delaware Transit Corporation,f-dr4-dartfirststate;f-dr4-dartfirststatewood~rt,https://en.wikipedia.org/wiki/DART_First_State
Q5204322,o-dqchv-alexandriatransitcompanydash,operator,Alexandria Transit Company,f-dqchv-alexandriatransitcompanydash;f-dqchv-alexandriatransitcompanydash~rt,https://en.wikipedia.org/wiki/DASH_%28Virginia%29
Q52162155,o-dr41-ceciltransit,operator,Cecil Transit,f-dr41-ceciltransit;f-dr41-ceciltransit~rt,https://en.wikipedia.org/wiki/Cecil_Transit
Q5230228,o-citibus~ia~us,operator,Davenport Citibus,f-citibus~ia~us;f-davenport~citi~bus,https://en.wikipedia.org/wiki/Davenport_Citibus
Q525895,o-9qb-goldengatetransit,operator,"Golden Gate Bridge, Highway and Transportation District",f-9qb-goldengatetransit;f-sf~bay~area~rg;f-sf~bay~area~rg~rt,https://en.wikipedia.org/wiki/Golden_Gate_Transit
Q5259601,o-9vfu-dentoncountytransportationauthority,operator,Denton County Transportation Authority,f-9vfu-dentoncountytransportationauthority;f-dentoncountytransportationauthority~rt,https://en.wikipedia.org/wiki/Denton_County_Transportation_Authority
Q5263499,o-9zmk-desmoinesarearegionaltransitauthority,operator,Des Moines Area Regional Transit Authority,f-9zmk-desmoinesarearegionaltransitauthority;f-desmoinesarearegionaltransitauthority~rt,https://en.wikipedia.org/wiki/Des_Moines_Area_Regional_Transit
Q5265906,o-dpsc-detroitdepartmentoftransportation,operator,Detroit Department of Transportation,f-dpsc-detroitdepartmentoftransportation;f-dpsc-detroitdepartmentoftransportation~rt,https://en.wikipedia.org/wiki/Detroit_Department_of_Transportation
Q5265966,o-dpsbv-qlinedetroit,operator,QLine,f-qline~mi~rt;f-qline~mi~us,https://en.wikipedia.org/wiki/QLine
Q5313687,o-9q9j-dumbartonexpress,operator,Dumbarton Express,f-9q9j-dumbartonexpress;f-sf~bay~area~rg;f-sf~bay~area~rg~rt,https://en.wikipedia.org/wiki/Dumbarton_Express
Q5316462,o-dnru-godurham,operator,GoDurham,f-dnru-durham~area~transit~authority~nc~us;f-dnru-durham~area~transit~authority~nc~us~rt,https://en.wikipedia.org/wiki/GoDurham
Q5317486,o-dr7-dutchesscounty,operator,Dutchess County,f-dutchess~county~ny,https://en.wikipedia.org/wiki/Dutchess_County_Public_Transit
Q5330465,o-9q-easternsierratransitauthority,operator,Eastern Sierra Transit Authority,f-9q-easternsierra~ca~us;f-9q-easternsierra~ca~us~rt;f-9q-easternsierra~ca~us~rt~alerts;f-eastern~sierra~bishop~lone~pine~flex;f-utel~uiuc~intercity~bus,https://en.wikipedia.org/wiki/Eastern_Sierra_Transit
Q5331438,o-9zyy-eauclairetransit,operator,Eau Claire Transit,f-9zyy-eauclairetransit,https://en.wikipedia.org/wiki/Eau_Claire_Transit
Q5335009,o-harborconnector~md~us,operator,Harbor Connector,f-harborconnector~md~us,https://en.wikipedia.org/wiki/Baltimore_Water_Taxi
Q5351201,o-9qc-eldoradotransit,operator,El Dorado Transit,f-9qc-eldoradotransit~ca~us,https://en.wikipedia.org/wiki/El_Dorado_Transit
Q5351588,o-laredo~tx~us,operator,El Metro Transit,f-laredo~tx~us,https://en.wikipedia.org/wiki/El_Metro_Transit
Q5351636,o-9qh1f-elmontetransit,operator,El Monte Transit,f-9qh1f-elmontetransit,https://en.wikipedia.org/wiki/El_Monte_Transit
Q5370986,o-9q9p3-emerygo~round,operator,Emery Go-Round,f-9q9p3-emerygoround;f-sf~bay~area~rg;f-sf~bay~area~rg~rt,https://en.wikipedia.org/wiki/Emery_Go-Round
Q5376177,o-endless~mountains~transportation~authority,operator,Endless Mountains Transportation Authority,f-endless~mountains~transportation~authority;f-endless~mountains~transportation~authority~rt,https://en.wikipedia.org/wiki/BeST_Transit
Q5388327,o-dprp-eriemetropolitantransitauthority,operator,Erie Metropolitan Transit Authority,f-dprp-eriemetropolitantransitauthority;f-dprp-eriemetropolitantransitauthority~rt,https://en.wikipedia.org/wiki/Erie_Metropolitan_Transit_Authority
Q5396846,o-dj3-escambiacountyareatransit,operator,Escambia County Area Transit,f-dj3-ecat~fl~us,https://en.wikipedia.org/wiki/Escambia_County_Area_Transit
Q5401887,o-drke-9towntransit,operator,Estuary Transit District,f-drke-ninetown~connecticut~us;f-drke-ninetown~connecticut~us~flex,https://en.wikipedia.org/wiki/Estuary_Transit_District
Q5411264,o-9pr8n-eurekatransitservice,operator,Eureka Transit Service,f-9pp-humboldtcounty~ca~us;f-9pp-humboldtcounty~ca~us~rt~alerts,https://en.wikipedia.org/wiki/Eureka_Transit_Service
Q5417075,o-c290-everetttransit,operator,Everett Transit,f-c290-everetttransit;f-everetttransit~rt,https://en.wikipedia.org/wiki/Everett_Transit
Q5430155,o-dqcj-fairfaxconnector,operator,Fairfax Connector,f-dqcj-fairfaxconnector;f-fairfaxconnector~rt,https://en.wikipedia.org/wiki/Fairfax_Connector
Q5430409,o-9qc-fairfieldandsuisuntransit,operator,Fairfield and Suisun Transit,f-9qc-fairfield~ca~us;f-sf~bay~area~rg;f-sf~bay~area~rg~rt,https://en.wikipedia.org/wiki/Fairfield_and_Suisun_Transit
Q5430594,o-fairmont~marion~county,operator,Fairmont Marion County Transit Authority,f-fairmont~marion~county,https://en.wikipedia.org/wiki/Fairmont_Marion_County_Transit_Authority
Q5435113,o-cb74-matbus,operator,Fargo Moorhead Metro Area Transit,f-cb74-matbus;f-cb74-matbus~rt,https://en.wikipedia.org/wiki/MATBUS
Q5439044,o-dnpz-fast,operator,Fayetteville Area System of Transit,f-dnpz-fast,https://en.wikipedia.org/wiki/Fayetteville_Area_System_of_Transit
Q5459534,o-dpsk-masstransportationauthorityflint,operator,Mass Transportation Authority Flint,f-dpsk-masstransportationauthorityflint;f-dpsk-masstransportationauthorityflint~rt,https://en.wikipedia.org/wiki/Mass_Transportation_Authority_%28Flint%29
Q5466493,o-9qh1-foothilltransit,operator,Foothill Transit,f-9qh1-foothilltransit;f-foothilltransit~rt,https://en.wikipedia.org/wiki/Foothill_Transit
Q5472275,o-dp73-citilink,operator,Fort Wayne Public Transportation Corporation,f-dp73-citilink,https://en.wikipedia.org/wiki/Fort_Wayne_Citilink
Q5472408,o-9vff-fortworthtransportationauthority,operator,Trinity Metro,f-9vff-fortworthtransportationauthority,https://en.wikipedia.org/wiki/Trinity_Metro
Q5491773,o-drs-franklinregionaltransitauthority,operator,Franklin Regional Transit Authority,f-drs-franklinregionaltransitauthority;f-drs-franklinregionaltransitauthority~ma~us~rt,https://en.wikipedia.org/wiki/Franklin_Regional_Transit_Authority
Q54933081,o-dqfd7-oceancitytransporation,operator,Ocean City Transportation,f-dqfd7-oceancitytransporation,https://en.wikipedia.org/wiki/Ocean_City_Transportation
Q5503159,o-9qdc-fresnopublictransportationfax,operator,Fresno Area Express,f-9qdc-gis4ufresnogov;f-9qdc-gis4ufresnogov~rt,https://en.wikipedia.org/wiki/Fresno_Area_Express
Q5514128,o-dpc4-gotransitcityofoshkosh,operator,GO Transit,f-dpc4-oshkosh~wi~us,https://en.wikipedia.org/wiki/GO_Transit_%28Wisconsin%29
Q5514501,o-dnh-grtaxpress,operator,Atlanta-Region Transit Link Authority,f-dnh-grtaxpress;f-dnh-grtaxpress~rt,https://en.wikipedia.org/wiki/GRTA_Xpress
Q5517264,o-djm2-gainesvilleregionaltransitsystem,operator,Gainesville Regional Transit System,f-djm2-regionaltransitsystem,https://en.wikipedia.org/wiki/Gainesville_Regional_Transit_System
Q5522428,o-9q5b-gtrans,operator,City of Gardena,f-gtrans~ca~us;f-gtrans~ca~us~rt,https://en.wikipedia.org/wiki/GTrans
Q5525788,o-gary~public~transportation~in~us,operator,Gary Public Transportation Corporation,f-gary~public~transportation~in~us,https://en.wikipedia.org/wiki/Gary_Public_Transportation_Corporation
Q5526770,o-dnq-gastoniatransit,operator,Gastonia Transit,f-dnq-gastoniatransit,https://en.wikipedia.org/wiki/GoGastonia
Q5568346,o-9q5f-glendalebeeline,operator,Glendale Beeline,f-9q5f-glendalebeeline,https://en.wikipedia.org/wiki/Glendale_Beeline
Q5578666,o-9q54-goldcoasttransit,operator,Gold Coast Transit,f-9q5-govcbus;f-9q54-goldcoasttransit,https://en.wikipedia.org/wiki/Gold_Coast_Transit
Q5579372,o-9q7-goldenempiretransitdistrict,operator,Golden Empire Transit District,f-9q7-getbus;f-9q7-getbus~rt,https://en.wikipedia.org/wiki/Golden_Empire_Transit
Q5579447,o-9q8z-goldengateferry,operator,Golden Gate Ferry,f-9q8z-goldengateferry;f-sf~bay~area~rg,https://en.wikipedia.org/wiki/Golden_Gate_Ferry
Q5595228,o-9wfy-grandvalleytransit,operator,Grand Valley Transit,f-9wfy-grandvalleytransit;f-grandvalleytransit~flex,https://en.wikipedia.org/wiki/Grand_Valley_Transit
Q5595340,o-grande~prairie~ab~ca,operator,Grande Prairie Transit,f-grande~prairie~ab~ca,https://en.wikipedia.org/wiki/Grande_Prairie_Transit
Q5600434,o-drm-thegreaterattleborotauntonregionaltransitauthority,operator,Greater Attleboro Taunton Regional Transit Authority,f-drm-thegreaterattleborotauntonregionaltransitauthority;f-drm-thegreaterattleborotauntonregionaltransitauthority~rt,https://en.wikipedia.org/wiki/Greater_Attleboro_Taunton_Regional_Transit_Authority
Q5600471,o-dr7f-greaterbridgeporttransit,operator,Greater Bridgeport Transit,f-dr7f-greaterbridgeporttransit,https://en.wikipedia.org/wiki/Greater_Bridgeport_Transit_Authority
Q5600523,o-dph4-greaterdaytonrta,operator,Greater Dayton RTA,f-dph4-greaterdaytonrta;f-dph4-greaterdaytonrta~rt,https://en.wikipedia.org/wiki/Greater_Dayton_Regional_Transit_Authority
Q5600598,o-dp4j-citybus,operator,CityBus of Greater Lafayette Indiana,f-dp4j-citybus;f-dp4j-citybus~rt,https://en.wikipedia.org/wiki/Greater_Lafayette_Public_Transportation_Corporation
Q5600625,o-dnxs-greaterlynchburgtransitco,operator,Greater Lynchburg Transit Company,f-dnxs-gltc~lynchburg~va~us;f-dnxs-gltc~lynchburg~va~us~flex,https://en.wikipedia.org/wiki/Greater_Lynchburg_Transit_Company
Q5600709,o-dp0r-citylink,operator,Greater Peoria Mass Transit,f-dp0r-citylink;f-dp0r-citylink~rt,https://en.wikipedia.org/wiki/Greater_Peoria_Mass_Transit_District
Q5600725,o-dry0-maine~greaterportlandmetrobus,operator,Greater Portland Metro Bus,f-dry0-maine~greaterportlandmetrobus;f-dry0-maine~greaterportlandmetrobus~rt,https://en.wikipedia.org/wiki/Greater_Portland_Metro
Q5600732,o-greater~richmond~transit~company,operator,Greater Richmond Transit Company,f-grtc~va;f-grtc~va~rt,https://en.wikipedia.org/wiki/Greater_Richmond_Transit_Company
Q5602891,o-dre-greenmountaincommunitynetworkinc,operator,Green Mountain Community Network,f-dre-greenmtncn~vt~us;f-greenmtncn~vt~rt,https://en.wikipedia.org/wiki/Green_Mountain_Express
Q5623666,o-dnh0-gwinnettcountytransit,operator,Ride Gwinnett,f-dnh0-gwinnettcountytransit;f-dnh0-gwinnettcountytransit~rt,https://en.wikipedia.org/wiki/Ride_Gwinnett
Q5646293,o-dq9-hamptonroadstransithrt,operator,Hampton Roads Transit (HRT),f-dq9-hrt;f-dq9-hrt~rt,https://en.wikipedia.org/wiki/Hampton_Roads_Transit
Q5657016,o-dr1b-harfordtransitlink,operator,Harford Transit LINK,f-dr1b-harfordtransitlink;f-dr1b-harfordtransitlink~rt,https://en.wikipedia.org/wiki/Harford_Transit
Q5666203,o-dnzft-harrisonburghdpt,operator,Harrisonburg HDPT,f-dnzft-harrisonburghdpt;f-dnzft-harrisonburghdpt~rt,https://en.wikipedia.org/wiki/Harrisonburg_Transit
Q5763656,o-dhv-hillsborougharearegionaltransit,operator,Hillsborough Area Regional Transit,f-dhv-hillsborougharearegionaltransit;f-dhv-hillsborougharearegionaltransit~rt;f-dhv-hillsborougharearegionaltransit~streetcar~rt,https://en.wikipedia.org/wiki/Hillsborough_Area_Regional_Transit
Q58041853,o-u4-go~aheadnordic,operator,Go-Ahead Norge AS,f-entur~rt;f-u4-ruter~flybussen~stfoldkollektivtrafikk~hedmarktrafikk~oppla,https://en.wikipedia.org/wiki/Go-Ahead_Nordic
Q580832,o-9whp-abqride,operator,City of Albuquerque Transit Department,f-9whp-abqride;f-abqride~rt;f-abqride~rt~alerts,https://en.wikipedia.org/wiki/ABQ_RIDE
Q587830,o-9v6-capitalmetro,operator,Capital Metro,f-9v6-capitalmetro;f-capitalmetro~rt;f-capitalmetro~rt~alerts,https://en.wikipedia.org/wiki/CapMetro
Q58994855,o-zenbus~mendois,operator,Transports Urbains Mendois,f-zenbus~mendois;f-zenbus~mendois~rt,
Q5913491,o-hartransit~ct~us,operator,Housatonic Area Regional Transit,f-hartransit~ct~us;f-hartransit~ct~us~rt,https://en.wikipedia.org/wiki/Housatonic_Area_Regional_Transit
Q59314153,o-hele~on~hi,operator,County of Hawai'i Mass Transit Agency,f-hele~on~hi;f-hele~on~hi~rt,https://en.wikipedia.org/wiki/Hele-On_Bus
Q5940414,o-9pp-redwoodtransitsystem,operator,Redwood Transit System,f-9pp-humboldtcounty~ca~us;f-9pp-humboldtcounty~ca~us~redwood~rt;f-9pp-humboldtcounty~ca~us~rt~alerts,https://en.wikipedia.org/wiki/Humboldt_Transit_Authority
Q5940414,o-9pr8n-samoatransitsystem,operator,Samoa Transit System,f-9pp-humboldtcounty~ca~us;f-9pp-humboldtcounty~ca~us~rt~alerts,https://en.wikipedia.org/wiki/Humboldt_Transit_Authority
Q5945894,o-dn4m-huntsvilleshuttle,operator,Huntsville Transit,f-dn4m-huntsvilleshuttle,https://en.wikipedia.org/wiki/Orbit_%28bus_system%29
Q6021774,o-dp-indiantrails,operator,Indian Trails,f-dp-945963;f-utel~uiuc~intercity~bus,https://en.wikipedia.org/wiki/Indian_Trails
Q6021774,o-dps-michiganflyer,operator,Michigan Flyer,f-dps-michiganflyer~mi~us;f-utel~uiuc~intercity~bus,https://en.wikipedia.org/wiki/Indian_Trails
Q6044644,o-c1f-inter~islandferryauthority,operator,Inter-Island Ferry Authority,f-c1f-interisland~ak~us,https://en.wikipedia.org/wiki/Inter-Island_Ferry_Authority
Q60738936,o-dp6-valparaisotransit,operator,Valparaiso Transit,f-valpotransit~chi~us,https://en.wikipedia.org/wiki/V-Line
Q60770365,o-c20-yamhillcountytransitarea,operator,Yamhill County Transit Area,f-c20-yamhillcounty~or~us;f-c20-yamhillcounty~or~us~rt,https://en.wikipedia.org/wiki/Yamhill_County_Transit
Q60772409,o-dhvk-manateecountyareatransit,operator,Manatee County Area Transit,f-dhvk-manatee~fl~us;f-dhvk-manatee~fl~us~rt,https://en.wikipedia.org/wiki/Manatee_County_Area_Transit
Q60847170,o-agglo~en~bus~gap~fr,operator,L'Agglo en bus,f-agglo~en~bus~gap~fr;f-agglo~en~bus~gap~fr~rt,
Q610120,o-9q9-bart,operator,Bay Area Rapid Transit,f-9q9-bart;f-sf~bay~area~rg;f-sf~bay~area~rg~rt,https://en.wikipedia.org/wiki/Bay_Area_Rapid_Transit
Q6117777,o-9vxz-jatran,operator,City of Jackson,f-9vxz-jatran~ms~us;f-9vxz-jatran~ms~us~rt,https://en.wikipedia.org/wiki/Jackson_Transit_System
Q6153111,o-dp8d-janesvilletransitsystem,operator,Janesville Transit System,f-dp8d-jts~wi~us,https://en.wikipedia.org/wiki/Janesville_Transit_System
Q6173179,o-jefferson~mo~us,operator,Jefferson City Transit Division,f-jefferson~mo~us,https://en.wikipedia.org/wiki/JeffTran
Q6175697,o-jefferson~parish,operator,Jefferson Parish Transit,f-jefferson~parish;f-jefferson~parish~rt,https://en.wikipedia.org/wiki/Jefferson_Parish_Transit
Q6175698,o-c28-jeffersontransitauthority,operator,Jefferson Transit Authority,f-c28-jeffersontransitauthority,https://en.wikipedia.org/wiki/Jefferson_Transit_%28Washington%29
Q61832341,o-u7-havila,operator,Havila,f-entur~rt;f-u4-ruter~flybussen~stfoldkollektivtrafikk~hedmarktrafikk~oppla,https://en.wikipedia.org/wiki/Havila_Kystruten
Q62534866,o-u36r-zditmszczecin,operator,Zarząd Dróg i Transportu Miejskiego,f-u36r-zditmszczecin;f-u36r-zditmszczecin~rt,
Q6268267,o-9yum-thejo,operator,RideKC Johnson County Transit,f-9yum-thejo,https://en.wikipedia.org/wiki/Johnson_County_Transit
Q6294495,o-u4yj-jotunheimenogvaldresrutenbilselskap,operator,Jotunheimen og Valdresruten Bilselskap,f-entur~rt;f-u4-ruter~flybussen~stfoldkollektivtrafikk~hedmarktrafikk~oppla,https://en.wikipedia.org/wiki/Jotunheimen_og_Valdresruten_Bilselskap
Q63332462,o-u4w-farte,operator,Farte,f-entur~rt;f-u4-ruter~flybussen~stfoldkollektivtrafikk~hedmarktrafikk~oppla,
Q6364652,o-9yu-kcata,operator,Kansas City Area Transportation Authority,f-9yu-kcata;f-kcata~rt,https://en.wikipedia.org/wiki/Kansas_City_Area_Transportation_Authority
Q6391318,o-dp9d-cityofkenosha,operator,City of Kenosha,f-kenosha~wi~us;f-kenosha~wi~us~rt,https://en.wikipedia.org/wiki/Kenosha_Area_Transit
Q6394141,o-9q7-kerntransit,operator,Kern Transit,f-9q7-kerncounty~ca~us;f-kerncounty~ca~rt,https://en.wikipedia.org/wiki/Kern_Transit
Q6411393,o-c23-metrotransit,operator,King County Metro,f-c23-metrokingcounty;f-kingcountymetro~rt,https://en.wikipedia.org/wiki/King_County_Metro
Q6418321,o-c22y-kitsaptransit,operator,Kitsap Transit,f-c22y-kitsaptransit;f-c22y-kitsaptransit~rt,https://en.wikipedia.org/wiki/Kitsap_Transit
Q641980,o-rioc~nyc,operator,Roosevelt Island Operating Corporation Tramway,f-rioc~nyc,https://en.wikipedia.org/wiki/Roosevelt_Island_Tramway
Q6423650,o-dnkk-knoxvilleareatransit,operator,Knoxville Area Transit,f-dnkk-knoxvilleareatransit;f-dnkk-knoxvilleareatransit~rt,https://en.wikipedia.org/wiki/Knoxville_Area_Transit
Q6427938,o-u4k-kolumbus,operator,Kolumbus,f-entur~rt;f-u4-ruter~flybussen~stfoldkollektivtrafikk~hedmarktrafikk~oppla,https://en.wikipedia.org/wiki/Kolumbus
Q6471610,o-lafayette~la,operator,Lafayette Transit System,f-lafayette~la;f-lafayette~la~rt,https://en.wikipedia.org/wiki/Lafayette_Transit_System
Q6474640,o-djjg-lakecounty,operator,Lake County Office of Transit Service,f-djjg-lakecounty,https://en.wikipedia.org/wiki/LakeXpress
Q6475257,o-drgv-lakechamplainferries,operator,Lake Champlain Ferries,f-drgv-lctferries~vt~us,https://en.wikipedia.org/wiki/Lake_Champlain_Transportation_Company
Q6475284,o-lake~charles~la~us,operator,Lake Charles Transit,f-lake~charles~la~us,https://en.wikipedia.org/wiki/Lake_Charles_Transit
Q6478146,o-9qb-laketransit,operator,Lake Transit,f-9qb-laketransit~ca~us;f-9qb-laketransit~ca~us~rt,https://en.wikipedia.org/wiki/Lake_Transit
Q6479195,o-dpq-laketran,operator,Laketran,f-dpq-lakecounty~oh~us,https://en.wikipedia.org/wiki/Laketran
Q6485453,o-9pzdp-rhodyexpress,operator,Rhody Express,f-9pzdp-rhodyexpress~or~us,https://en.wikipedia.org/wiki/Lane_Transit_District
Q6485453,o-9rb-diamondexpress,operator,Diamond Express,f-9rb-diamondexpress~or~us;f-utel~uiuc~intercity~bus,https://en.wikipedia.org/wiki/Lane_Transit_District
Q6485453,o-9rb-lanetransitdistrict,operator,Lane Transit District,f-9rb-lanetransitdistrict;f-ltd~rt,https://en.wikipedia.org/wiki/Lane_Transit_District
Q6504681,o-9yum-kuonwheels~lawrencetransitsystem,operator,KU on Wheels & Lawrence Transit System,f-9yum-kuonwheels~lawrencetransitsystem,https://en.wikipedia.org/wiki/Lawrence_Transit
Q65091276,o-dr73-lowerhudsonvalleytransit,operator,Lower Hudson Transit Link,f-lower~hudson~transit~link,https://en.wikipedia.org/wiki/Hudson_Link
Q6512891,o-dht-leecountytransit,operator,Lee County Transit,f-dht-leecountytransit,https://en.wikipedia.org/wiki/LeeTran
Q6518871,o-dr4r-lanta,operator,Lehigh and Northampton Transportation Authority,f-dr4r-lanta;f-dr4r-lanta~rt,https://en.wikipedia.org/wiki/LANta
Q6533317,o-lethbridgetransit,operator,Lethbridge Transit,f-lethbridgetransit,https://en.wikipedia.org/wiki/Lethbridge_Transit
Q6537386,o-lewiston~me~us,operator,Lewiston-Auburn Transit Committee,f-lewiston~me~us,https://en.wikipedia.org/wiki/Lewiston-Auburn_CityLink
Q6537504,o-dngb-lextran,operator,Lexington Transit Authority,f-dngb-lextran;f-dngb-lextran~rt,https://en.wikipedia.org/wiki/Lextran
Q6672287,o-dr5w-cityoflongbeachtransportation,operator,City of Long Beach Transportation,f-clbt~nassau~ny~us,https://en.wikipedia.org/wiki/Long_Beach_Bus
Q6672372,o-9q5b-longbeachtransit,operator,Long Beach Transit,f-9q5b-longbeachtransit;f-longbeachtransit~rt,https://en.wikipedia.org/wiki/Long_Beach_Transit
Q6678737,o-lorain~county~oh~us,operator,Lorain County Transit,f-lorain~county~oh~us,https://en.wikipedia.org/wiki/Lorain_County_Transit
Q6686032,o-dqbv-loudouncountytransit,operator,Loudoun County Transit,f-loudouncounty~va~us;f-loudouncounty~va~us~flex,https://en.wikipedia.org/wiki/Loudoun_County_Transit
Q668849,o-u2ed-wienerlinien,operator,Wiener Linien,f-u2ed-wienerlinien~wlb,https://en.wikipedia.org/wiki/Wiener_Linien
Q6709559,o-djn-centralfloridaregionaltransitauthority,operator,Central Florida Regional Transit Authority,f-djn-centralfloridaregionaltransitauthority;f-djn-centralfloridaregionaltransitauthority~rt,https://en.wikipedia.org/wiki/Lynx_%28Orlando%29
Q6715484,o-metra~ga~us,operator,Metra (Columbus),f-metra~ga~rt;f-metra~ga~us,https://en.wikipedia.org/wiki/METRA_Transit_System
Q6715494,o-dpq-metro,operator,Akron Metropolitan Regional Transit Authority,f-akronmetro~rt;f-dpq-metro,https://en.wikipedia.org/wiki/METRO_Regional_Transit_Authority
Q6722682,o-macatawa~area~express,operator,Macatawa Area Express,f-macatawa~area~express,https://en.wikipedia.org/wiki/Macatawa_Area_Express
Q6724881,o-macon~bibb~county~ga~us,operator,Macon-Bibb County Transit Authority,f-macon~bibb~county~ga~us,https://en.wikipedia.org/wiki/Macon-Bibb_County_Transit_Authority
Q6727956,o-madison~county~transit~il~us,operator,Madison County Transit,f-madison~county~transit~il~us,https://en.wikipedia.org/wiki/Madison_County_Transit
Q6728045,o-dp8m-metrotransit~cityofmadison,operator,City of Madison Metro Transit,f-dp8m-metrotransit~cityofmadison;f-madison~rt,https://en.wikipedia.org/wiki/Metro_Transit_%28Madison%29
Q6753895,o-cbj8-maplegrove,operator,Maple Grove,f-9zv-twin~cities~minnesota;f-twin~cities~minnesota~rt,https://en.wikipedia.org/wiki/Maple_Grove_Transit
Q6755227,o-drs-thebusmarblevalleymetroaltransitdistrict,operator,Marble Valley Regional Transit District,f-drs-thebus~vt~us;f-thebus~vt~rt,https://en.wikipedia.org/wiki/Marble_Valley_Regional_Transit_District
Q6763758,o-9qbb-marintransit,operator,Marin County Transit District,f-9qbb-marintransit;f-sf~bay~area~rg;f-sf~bay~area~rg~rt,https://en.wikipedia.org/wiki/Marin_Transit
Q6792371,o-maui~county~transit,operator,County of Maui Department of Transportation,f-maui~county~transit;f-maui~county~transit~rt,https://en.wikipedia.org/wiki/Maui_Bus
Q6816698,o-9qb-mendocinotransitauthority,operator,Mendocino Transit Authority,f-9qb-mendocino~ca~us,https://en.wikipedia.org/wiki/Mendocino_Transit_Authority
Q6818067,o-9qd-thebus,operator,Merced County Transit,f-9qd-mercedthebus~ca~us;f-9qd-mercedthebus~ca~us~rt,https://en.wikipedia.org/wiki/Merced_County_Transit
Q6820290,o-drt7-merrimackvalleymetroaltransitauthority,operator,Merrimack Valley Regional Transit Authority,f-drt7-merrimackvalley~ma~us;f-merrimackvalley~rt,https://en.wikipedia.org/wiki/Merrimack_Valley_Transit
Q682210,o-corsica~ferries~fr,operator,Corsica Ferries,f-corsica~ferries~fr,https://en.wikipedia.org/wiki/Corsica_Ferries_-_Sardinia_Ferries
Q6824447,o-drt0-metrowestregionaltransitauthority,operator,MetroWest Regional Transit Authority,f-drt0-metrowestregionaltransitauthority,https://en.wikipedia.org/wiki/MetroWest_Regional_Transit_Authority
Q6824485,o-9z7d-root,operator,Transit Authority of the City of Omaha,f-omaha~metro,https://en.wikipedia.org/wiki/Metro_Transit_%28Omaha%29
Q6824689,o-dpbrb-metroride,operator,Metro Ride,f-wausau~wi~us,https://en.wikipedia.org/wiki/Metro_Ride
Q6824746,o-dpe0-kalamazoometrotransit,operator,Kalamazoo Metro Transit,f-dpe0-kalamazoometrotransit;f-dpe0-kalamazoometrotransit~rt,https://en.wikipedia.org/wiki/Kalamazoo_Metro
Q6824747,o-9y69-embark,operator,Central Oklahoma Transportation and Parking Authority,f-9y69-embark;f-embarknorman~ok~rt,https://en.wikipedia.org/wiki/Embark_%28transit_authority%29
Q6824975,o-bew-fairbanksnorthstarborough~macstransit,operator,Fairbanks North Star Borough Department of Transportation,f-bew-fairbanksnorthstarborough~macstransit,https://en.wikipedia.org/wiki/Metropolitan_Area_Commuter_System
Q6825088,o-evansville~in~us,operator,Metropolitan Evansville Transit System,f-evansville~in~us,https://en.wikipedia.org/wiki/Metropolitan_Evansville_Transit_System
Q6825282,o-9zw3-metropolitantransitauthorityofblackhawkcounty,operator,Metropolitan Transit Authority of Black Hawk County,f-met~transit~ia,https://en.wikipedia.org/wiki/Metropolitan_Transit_Authority_of_Black_Hawk_County
Q6825293,o-9y7v-metropolitantulsatransitauthority,operator,Metropolitan Tulsa Transit Authority,f-9y7v-metropolitantulsatransitauthority;f-metropolitantulsatransitauthority~rt,https://en.wikipedia.org/wiki/Metropolitan_Tulsa_Transit_Authority
Q6840978,o-mid~mon~valley~transit~authority~pa,operator,Mid Mon Valley Transit Authority,f-mid~mon~valley~transit~authority~pa;f-mid~mon~valley~transit~authority~pa~rt,https://en.wikipedia.org/wiki/Mid_Mon_Valley_Transit_Authority
Q6868609,o-9zvw-mvta,operator,Minnesota Valley Transit Authority,f-9zvw-mvta~metro;f-9zvw-mvta~metro~rt,https://en.wikipedia.org/wiki/Minnesota_Valley_Transit_Authority
Q6869336,o-minotcitytransit~nd~us,operator,Minot City Transit,f-minotcitytransit~nd~us,https://en.wikipedia.org/wiki/Minot_City_Transit
Q6902179,o-dr63-monroecountytransitauthority,operator,Monroe County Transit Authority,f-dr63-monroecountytransitauthority;f-dr63-monroecountytransitauthority~rt,https://en.wikipedia.org/wiki/Monroe_County_Transit_Authority
Q6903133,o-drsf-montachusettmetroaltransitauthority,operator,Montachusett Regional Transit Authority,f-drsf-montachusett~ma~us;f-drsf-montachusett~ma~us~rt,https://en.wikipedia.org/wiki/Montachusett_Regional_Transit_Authority
Q6905005,o-9qh1-montebellobuslines,operator,Montebello Bus Lines,f-montebello~bus;f-montebello~bus~rt,https://en.wikipedia.org/wiki/Montebello_Bus_Lines
Q6905333,o-9q5cx-spiritbus,operator,City of Monterey Park,f-9q5cx-montereypark~ca~us;f-9q5cx-montereypark~ca~us~rt,https://en.wikipedia.org/wiki/Monterey_Park_Spirit_Bus
Q6905645,o-djf8-montgomerytransit,operator,Montgomery Transit,f-djf8-montgomerytransit~al~us,https://en.wikipedia.org/wiki/Montgomery_Area_Transit_System
Q6913253,o-9qj-morongobasintransitauthority,operator,Morongo Basin Transit Authority,f-morongo~basin;f-morongo~basin~rt,https://en.wikipedia.org/wiki/Basin_Transit
Q6924864,o-9qhf-mountaintransit,operator,Mountain Transit,f-9qhf-bigbear~ca~us,https://en.wikipedia.org/wiki/Mountain_Transit
Q6925071,o-mountain~line~az,operator,Northern Arizona Intergovernmental Public Transportation Authority (NAIPTA),f-mountain~line~az;f-mountain~line~az~rt,https://en.wikipedia.org/wiki/Mountain_Line_%28Arizona%29
Q6925073,o-c2qf-mountainline,operator,Missoula Urban Transportation District (MUTD),f-c2qf-mountainline;f-c2qf-mountainline~rt,https://en.wikipedia.org/wiki/Mountain_Line_%28Montana%29
Q6925075,o-dpp-mountainlinetransitauthority,operator,Mountain Line Transit Authority,f-dpp-mountainlinetransitauthority~wvuprt,https://en.wikipedia.org/wiki/Mountain_Line_Transit_Authority
Q6925119,o-9wvk-mountainmetropolitantransit,operator,Mountain Metropolitan Transit,f-9wvk-mountainmetropolitantransit,https://en.wikipedia.org/wiki/Mountain_Metropolitan_Transit
Q6935688,o-dp5k-indiana~mits,operator,Muncie Indiana Transit System,f-dp5k-indiana~mits,https://en.wikipedia.org/wiki/Muncie_Indiana_Transit_System
Q6942749,o-muskegon~area~transit,operator,Muskegon Area Transit System,f-muskegon~area~transit;f-muskegon~area~transit~rt,https://en.wikipedia.org/wiki/Muskegon_Area_Transit_System
Q6955406,o-r3g-nswtrainlink,operator,NSW TrainLink,f-nsw~nswtrains~rt;f-r6-nswtrainlink~sydneytrains~buswayswesternsydney~interlinebus,https://en.wikipedia.org/wiki/NSW_TrainLink
Q6956135,o-dr7-nywaterway,operator,NY Waterway,f-dr7-nywaterway;f-dr7-nywaterway~rt;f-dr7-nywaterway~rtt,https://en.wikipedia.org/wiki/NY_Waterway
Q6964378,o-drq4-thewave~nantucketregionaltransitauthority,operator,Nantucket Regional Transit Authority,f-drq4-thewave~nantucketregionaltransitauthority,https://en.wikipedia.org/wiki/Nantucket_Regional_Transit_Authority
Q6966919,o-nashua~transit~system,operator,Nashua Transit System,f-nashua~transit~system,https://en.wikipedia.org/wiki/Nashua_Transit_System
Q6966980,o-dn6-nashvillemetropolitantransitauthority,operator,Nashville Metropolitan Transit Authority,f-dn6-regionaltransportationauthorityofmiddletennessee~nashville;f-nashvillemta~rt,https://en.wikipedia.org/wiki/WeGo_Public_Transit
Q6967576,o-dr5x-nassauinter~countyexpress,operator,Nassau Inter-County Express,f-dr5x-wwwnicebuscom;f-nice~rt,https://en.wikipedia.org/wiki/Nassau_Inter-County_Express
Q697074,o-u4eb-fjord1asa,operator,Fjord1 ASA,f-entur~rt;f-u4-ruter~flybussen~stfoldkollektivtrafikk~hedmarktrafikk~oppla,https://en.wikipedia.org/wiki/Fjord1
Q6986643,o-9qnqp-needlesareatransit,operator,Needles Area Transit,f-needles~ca~us,https://en.wikipedia.org/wiki/Needles_Area_Transit
Q7000460,o-u4-vybuss,operator,Vy Buss,f-entur~rt;f-u4-ruter~flybussen~stfoldkollektivtrafikk~hedmarktrafikk~oppla,https://en.wikipedia.org/wiki/Vy_Buss
Q7006399,o-new~castle~area~transit~authority,operator,New Castle Area Transit Authority,f-new~castle~area~transit~authority;f-new~castle~area~transit~authority~rt,https://en.wikipedia.org/wiki/New_Castle_Area_Transit_Authority
Q7050827,o-u7-nordlandfylkeskommune,operator,Nordland fylkeskommune,f-entur~rt;f-u4-ruter~flybussen~stfoldkollektivtrafikk~hedmarktrafikk~oppla,https://en.wikipedia.org/wiki/Nordland_County_Municipality
Q7051397,o-u4s35-norledas,operator,Norled AS,f-entur~rt;f-u4-ruter~flybussen~stfoldkollektivtrafikk~hedmarktrafikk~oppla,https://en.wikipedia.org/wiki/Norled
Q7054956,o-9mu-northcountytransitdistrict,operator,North County Transit District,f-9mu-northcountytransitdistrict;f-northcountrytransitdistrict~rt;f-northcountrytransitdistrict~rt~alerts,https://en.wikipedia.org/wiki/North_County_Transit_District
Q7060799,o-9qh1-norwalktransitsystem,operator,Norwalk Transit System,f-9qh1-norwalktransitsystem;f-9qh1-norwalktransitsystem~rt,https://en.wikipedia.org/wiki/Norwalk_Transit_%28California%29
Q7060801,o-dr7cc-norwalktransit,operator,Norwalk Transit District,f-dr7cc-norwalktransit;f-dr7cc-norwalktransit~rt,https://en.wikipedia.org/wiki/Norwalk_Transit_District
Q7074262,o-dpxr-oakvilletransit,operator,Oakville Transit,f-dpxr-oakvilletransit,https://en.wikipedia.org/wiki/Oakville_Transit
Q7081750,o-dj6m-emeraldcoastrider,operator,Okaloosa County Transit,f-dj6m-okaloosacountytransit~fl~us,https://en.wikipedia.org/wiki/Emerald_Coast_Rider
Q7090404,o-9qh-omnitrans,operator,OmniTrans,f-9qh-omnitrans,https://en.wikipedia.org/wiki/Omnitrans
Q7099595,o-9mu-orangecountytransportationauthority,operator,Orange County Transportation Authority,f-9mu-orangecountytransportationauthority;f-octa~rt,https://en.wikipedia.org/wiki/Orange_County_Transportation_Authority
Q7110024,o-9zq4g-10~15transit,operator,10-15 Transit,f-9zq4g-762,https://en.wikipedia.org/wiki/Ottumwa_Transit_Authority
Q7114643,o-owensound~on~ca,operator,Owen Sound Transit,f-metrolinx~gtfs~rt~vehicles;f-owensound~on~ca;f-owensound~on~ca~rt,https://en.wikipedia.org/wiki/Owen_Sound_Transit
Q7116506,o-ozark~regional~transit,operator,Ozark Regional Transit,f-ozark~regional~transit;f-ozark~regional~transit~rt,https://en.wikipedia.org/wiki/Ozark_Regional_Transit
Q7128083,o-dhx-palmtran,operator,Palm Tran,f-dhx-palmtran;f-dhx-palmtran~rt,https://en.wikipedia.org/wiki/Palm_Tran
Q7128670,o-9q5b4-palosverdespeninsulatransitauthority,operator,Palos Verdes Peninsula Transit Authority,f-9q5b4-pvpta~ca~us,https://en.wikipedia.org/wiki/Palos_Verdes_Peninsula_Transit_Authority
Q7141527,o-9q5f-pasadenatransit,operator,Pasadena Transit,f-9q5f-pasadenatransit;f-pasadenatransit~rt,https://en.wikipedia.org/wiki/Pasadena_Transit
Q7141817,o-djj2-pascocountypublictransportation,operator,Pasco County Public Transportation,f-djj2-pascocountypublictransit~fl~us;f-djj2-pascocountypublictransit~fl~us~rt,https://en.wikipedia.org/wiki/Pasco_County_Public_Transportation
Q7142408,o-9qhc-beaumonttransitsystem,operator,Beaumont Transit,f-9qhc-beaumont~ca~us;f-9qhc-beaumont~ca~us~rt;f-9qhc-beaumont~ca~us~rt~alerts,
Q7160112,o-pee~dee~sc~us,operator,Pee Dee Regional Transportation Authority,f-pee~dee~sc~us;f-pee~dee~sc~us~rt,https://en.wikipedia.org/wiki/PDRTA_%28South_Carolina%29
Q7162971,o-9q9j-commuteorgshuttles,operator,Commute.org Shuttles,f-9q9j-commute~ca~us;f-sf~bay~area~rg,https://en.wikipedia.org/wiki/Commute.org
Q7165908,o-bdvk-anchoragepeoplemover,operator,Anchorage People Mover,f-bdvk-anchoragepeoplemover;f-peoplemover~rt,https://en.wikipedia.org/wiki/People_Mover_%28Anchorage%29
Q7171668,o-9qbc9-petalumatransit,operator,Petaluma Transit,f-9qbc9-petalumatransit~petaluma~ca~us;f-sf~bay~area~rg;f-sf~bay~area~rg~rt,https://en.wikipedia.org/wiki/Petaluma_Transit
Q7191491,o-dnr-piedmontauthorityforregionaltransportation,operator,Piedmont Authority for Regional Transportation,f-dnr-piedmontauthorityforregionaltransportation;f-dnr-piedmontauthorityforregionaltransportation~rt,https://en.wikipedia.org/wiki/Piedmont_Authority_for_Regional_Transportation
Q7191834,o-c22u-piercetransit,operator,Pierce Transit,f-c22-piercetransit~soundtransit;f-piercetransit~rt,https://en.wikipedia.org/wiki/Pierce_Transit
Q7195535,o-dhv-psta,operator,Pinellas Suncoast Transit Authority,f-dhv-psta,https://en.wikipedia.org/wiki/Pinellas_Suncoast_Transit_Authority
Q7196828,o-drk-pvta,operator,Pioneer Valley Transit Authority,f-drk-pvta;f-drk-pvta~rt,https://en.wikipedia.org/wiki/Pioneer_Valley_Transit_Authority
Q7200309,o-9qc-placercountytransit,operator,Placer County Transit,f-9qc-placercountytransit,https://en.wikipedia.org/wiki/Placer_County_Transit
Q7205829,o-cbj8-plymouth,operator,Plymouth,f-9zv-twin~cities~minnesota;f-twin~cities~minnesota~rt,https://en.wikipedia.org/wiki/Plymouth_Metrolink
Q7206301,o-9x8-pocatelloregionaltransit,operator,Pocatello Regional Transit,f-9x8-pocatelloregionaltransit,https://en.wikipedia.org/wiki/Pocatello_Regional_Transit
Q7230500,o-dppn-portauthorityofalleghenycounty,operator,Pittsburgh Regional Transit,f-dppn-portauthorityofalleghenycounty;f-dppn-portauthorityofalleghenycounty~bus~rt;f-dppn-portauthorityofalleghenycounty~train~rt,https://en.wikipedia.org/wiki/Pittsburgh_Regional_Transit
Q7231402,o-dpq-parta,operator,Portage Area Regional Transportation Authority,f-portage~area~regional~transportation~authority;f-portage~area~regional~transportation~authority~rt,https://en.wikipedia.org/wiki/Portage_Area_Regional_Transportation_Authority
Q7235095,o-dqch-prtc,operator,Potomac and Rappahannock Transportation Commission,f-dqch-prtc;f-omniride~va~us~flex,https://en.wikipedia.org/wiki/Potomac_and_Rappahannock_Transportation_Commission
Q7235394,o-pottstown~area~rapid~transit,operator,Pottstown Area Rapid Transit,f-pottstown~area~rapid~transit;f-pottstown~area~rapid~transit~rt,https://en.wikipedia.org/wiki/Pottstown_Area_Rapid_Transit
Q7241517,o-9q8zj-presidigo,operator,PresidiGo,f-presidigo~ca~us;f-presidigo~ca~us~rt,https://en.wikipedia.org/wiki/Presidio_Go_Shuttle
Q7243789,o-prince~albert~sk~ca,operator,Prince Albert Transit,f-prince~albert~sk~ca,https://en.wikipedia.org/wiki/Prince_Albert_Transit
Q7258007,o-rb6b-metrochristchurch,operator,Metro Christchurch,f-rb6b-metrochristchurch;f-rb6b-metrochristchurch~rt,https://en.wikipedia.org/wiki/Public_transport_in_Christchurch
Q7258031,o-ratbv~ro,operator,Regia Autonomă de Transport Brașov,f-ratbv~ro,https://en.wikipedia.org/wiki/RATBV
Q7262355,o-dr7e-partputnamarearapidtransit,operator,PART Putnam Area Rapid Transit,f-putnam~area~rapid~transit,https://en.wikipedia.org/wiki/Putnam_Transit
Q7268260,o-9zrs-metrorockislandcountymetropolitanmasstransitdistrict,operator,Rock Island County Metropolitan Mass Transit District,f-9zrs-metrorockislandcountymetropolitanmasstransitdistrict,https://en.wikipedia.org/wiki/Quad_Cities_MetroLINK
Q7277817,o-9qqj-regionaltransportationcommissionofsouthernnevada,operator,Regional Transportation Commission of Southern Nevada,f-9qqj-rtcsnv;f-rtcsnv~rt;f-rtcsnv~rt~alerts,https://en.wikipedia.org/wiki/RTC_Transit
Q7278624,o-dr1-rabbittransit,operator,rabbittransit,f-dr1-rabbittransit;f-dr1-rabbittransit~rt,https://en.wikipedia.org/wiki/Rabbittransit
Q7299644,o-universityofarkansas~ar~us,operator,University of Arkansas,f-universityofarkansas~ar~us;f-universityofarkansas~ar~us~rt,https://en.wikipedia.org/wiki/Razorback_Transit
Q7304013,o-c3r1-red~deer~alberta,operator,Red Deer Transit,f-c3r1-red~deer~alberta,https://en.wikipedia.org/wiki/Red_Deer_Transit
Q7304963,o-rrta~pa,operator,Red Rose Transit Authority,f-rrta~pa;f-rrta~pa~rt,https://en.wikipedia.org/wiki/Red_Rose_Transit_Authority
Q7305617,o-9r0-reddingareabusauthority,operator,Redding Area Bus Authority,f-9r0-redding~ca~us;f-9r0-redding~ca~us~flex;f-9r0-redding~ca~us~rt;f-9r0-redding~ca~us~rt~alerts;f-utel~uiuc~intercity~bus,https://en.wikipedia.org/wiki/Redding_Area_Bus_Authority
Q7308547,o-c8vx-thecityofregina,operator,The City of Regina,f-c8vx-thecityofregina;f-c8vx-thecityofregina~rt,https://en.wikipedia.org/wiki/Regina_Transit
Q7309179,o-9r4-rtcride,operator,Regional Transportation Commission of Washoe County,f-9r4-rtcride,https://en.wikipedia.org/wiki/Regional_Transportation_Commission_of_Washoe_County
Q7309183,o-9xj-regionaltransportationdistrict,operator,Denver Regional Transportation District,f-9xj-rtd;f-denver~rtd~flex;f-rtddenver~rt,https://en.wikipedia.org/wiki/Regional_Transportation_District
Q7320944,o-drm-rhodeislandpublictransitauthority,operator,Rhode Island Public Transit Authority,f-drm-rhodeislandpublictransitauthority;f-ripta~rt,https://en.wikipedia.org/wiki/Rhode_Island_Public_Transit_Authority
Q7330624,o-richland~county~transit,operator,Richland County Transit,f-richland~county~transit,https://en.wikipedia.org/wiki/Richland_County_Transit
Q7332498,o-norfolk~county~on~ca,operator,Ride Norfolk,f-norfolk~county~on~ca,https://en.wikipedia.org/wiki/Ride_Norfolk
Q7332502,o-dqcn-montgomerycountymdrideon,operator,Montgomery County Transit,f-dqcn-montgomerycountymdrideon,https://en.wikipedia.org/wiki/Ride_On_%28Maryland%29
Q7335361,o-9qc3-riovistadeltabreeze,operator,Rio Vista Delta Breeze,f-9qc3-riovistadeltabreeze;f-sf~bay~area~rg,https://en.wikipedia.org/wiki/Rio_Vista_Delta_Breeze
Q7337932,o-rivervalleymetromasstransitdistrict~il~us,operator,River Valley Metro Mass Transit District,f-rivervalleymetromasstransitdistrict~il~us,https://en.wikipedia.org/wiki/River_Valley_Metro_Mass_Transit_District
Q7338635,o-9qh-riversidetransitagency,operator,Riverside Transit Agency,f-9qh-riversidetransitagency;f-rta~rt,https://en.wikipedia.org/wiki/Riverside_Transit_Agency
Q7339261,o-9tsp-roadrunnertransit,operator,RoadRUNNER Transit,f-las~cruces~road~runner;f-las~cruces~road~runner~rt,https://en.wikipedia.org/wiki/RoadRUNNER_Transit
Q7339865,o-9wg-rfta,operator,Roaring Fork Transportation Authority,f-9wg-rfta,https://en.wikipedia.org/wiki/Roaring_Fork_Transportation_Authority
Q7353936,o-dr8-rochester~geneseeregionaltransportationauthority,operator,Rochester-Genesee Regional Transportation Authority,f-dr8-rochester~geneseeregionaltransportationauthority;f-rts~genesee;f-rts~livingston;f-rts~ontario;f-rts~orleans;f-rts~seneca~ny;f-rts~wayne~ny;f-rts~wyoming,https://en.wikipedia.org/wiki/Rochester-Genesee_Regional_Transportation_Authority
Q7355246,o-rockford~mass~transit~district,operator,Rockford Mass Transit District,f-rockford~mass~transit~district,https://en.wikipedia.org/wiki/Rockford_Mass_Transit_District
Q7359553,o-9r88-rogue~valley~transportation~district,operator,Rogue Valley Transportation District,f-9r88-rogue~valley~transportation~district;f-rogue~valley~transportation~district~rt,https://en.wikipedia.org/wiki/Rogue_Valley_Transportation_District
Q7368740,o-9qcs-rosevilletransit,operator,Roseville Transit,f-9qcs-rosevilletransit;f-rosevilletransit~rt,https://en.wikipedia.org/wiki/Roseville_Transit
Q7380490,o-dru-ruralcommunitytransportation,operator,Rural Community Transportation,f-dru-ruralcommunity~vt~us;f-ruralcommunity~vt~rt,https://en.wikipedia.org/wiki/Rural_Community_Transportation
Q7390980,o-9q60w-cityofsanluisobispotransit,operator,City of San Luis Obispo Transit,f-9q60w-cityofsanluisobispotransit;f-9q60w-cityofsanluisobispotransit~rt,https://en.wikipedia.org/wiki/SLO_Transit
Q7392689,o-6gy-sptrans,operator,São Paulo Transporte,f-6gy-sptrans,https://en.wikipedia.org/wiki/SPTrans
Q7397015,o-9qce-sacramentoregionaltransit,operator,Sacramento Regional Transit,f-9qcd-etranelkgrove;f-9qcd-etranelkgrove~rt;f-9qce-sacramentoregionaltransit;f-9qce-sacramentoregionaltransit~rt,https://en.wikipedia.org/wiki/Sacramento_Regional_Transit_District
Q7401471,o-saint~john~nb~ca,operator,Saint John Transit,f-saint~john~nb~ca,https://en.wikipedia.org/wiki/Saint_John_Transit
Q7404020,o-9rb-cherriots,operator,Cherriots,f-9rb-cherriots;f-9rb-cherriots~rt,https://en.wikipedia.org/wiki/Cherriots
Q7407040,o-9q8-samtrans,operator,San Mateo County Transit District,f-9q8-samtrans;f-sf~bay~area~rg;f-sf~bay~area~rg~rt,https://en.wikipedia.org/wiki/SamTrans
Q7413407,o-9q99-sanbenitocountyexpress,operator,San Benito County Express,f-9q99-sanbenitocountyexpress,https://en.wikipedia.org/wiki/San_Benito_County_Transit
Q7413935,o-9q9p-sanfranciscobayferry,operator,San Francisco Bay Ferry,f-9q9p-sanfranciscobayferry;f-sf~bay~area~rg;f-sf~bay~area~rg~rt,https://en.wikipedia.org/wiki/San_Francisco_Bay_Ferry
Q7414399,o-9qc-sanjoaquinregionaltransitdistrictrtd,operator,San Joaquin Regional Transit District,f-9qc-sanjoaquinrtd;f-sanjoaquinrtd~rt,https://en.wikipedia.org/wiki/San_Joaquin_Regional_Transit_District
Q7417136,o-c214-sandyareametro,operator,Sandy Area Metro,f-c214-sandy~or~us;f-c214-sandy~or~us~rt;f-sandy~or~us~flex,https://en.wikipedia.org/wiki/Sandy_Area_Metro
Q7419215,o-clean~air~express~ca~us,operator,Clean Air Express,f-clean~air~express~ca~us;f-clean~air~express~ca~us~rt,https://en.wikipedia.org/wiki/Clean_Air_Express
Q7419232,o-9q4g-santabarbaramtd,operator,Santa Barbara Metropolitan Transit District,f-9q4g-santabarbaramtd;f-9q4g~santabarbaramtd~rt,https://en.wikipedia.org/wiki/Santa_Barbara_Metropolitan_Transit_District
Q7419419,o-9q9-santacruzmetro,operator,Santa Cruz Metropolitan Transit District,f-9q9-scmtdcom;f-9q9-scmtdcom~rt,https://en.wikipedia.org/wiki/Santa_Cruz_Metropolitan_Transit_District
Q7419573,o-9wkd-santafetrails,operator,Santa Fe Trails,f-santa~fe~trails,https://en.wikipedia.org/wiki/Santa_Fe_Trails
Q7419673,o-9q4-santamariaareatransit,operator,Santa Maria Area Transit,f-9q4-smat~ca~us;f-9q4-smat~ca~us~rt,https://en.wikipedia.org/wiki/Santa_Maria_Regional_Transit
Q7419876,o-9qbdx-santarosacitybus,operator,Santa Rosa CityBus,f-9qbdx-santarosacitybus;f-sf~bay~area~rg;f-sf~bay~area~rg~rt,https://en.wikipedia.org/wiki/Santa_Rosa_CityBus
Q7423226,o-dhv-sarasotacountyareatransit,operator,Sarasota County Area Transit,f-dhv-sarasotacountyareatransit;f-dhv-sarasotacountyareatransit~rt,https://en.wikipedia.org/wiki/Breeze_Transit
Q7439820,o-drk-seastreak,operator,Seastreak,f-drk-seastreak,https://en.wikipedia.org/wiki/Seastreak
Q746032,o-eyckr-metrodelisboa,operator,Metropolitano de Lisboa,f-eyckr-metrodelisboa,https://en.wikipedia.org/wiki/Lisbon_Metro
Q7501304,o-drk-shorelineeast,operator,Shore Line East,f-9-amtrak~amtrakcalifornia~amtrakcharteredvehicle,https://en.wikipedia.org/wiki/Shore_Line_East
Q7501442,o-dpc8-shorelinemetro,operator,Shoreline Metro,f-dpc8-sheboygan~wi~us,https://en.wikipedia.org/wiki/Shoreline_Metro
Q7501815,o-drd-chenangofirsttransit,operator,Chenango First Transit,f-drd-chenangofirsttransit,https://en.wikipedia.org/wiki/Short_Line_%28bus_company%29
Q750292,o-u4x-ruter,operator,Ruter,f-entur~rt;f-u4-ruter~flybussen~stfoldkollektivtrafikk~hedmarktrafikk~oppla,https://en.wikipedia.org/wiki/Ruter
Q7503603,o-sportran,operator,Shreveport Area Transit System,f-sportran;f-sportran~rt,https://en.wikipedia.org/wiki/Shreveport_Area_Transit_System
Q7505684,o-dqcm-shuttle~um,operator,Shuttle-UM,f-shuttleum~md~us,https://en.wikipedia.org/wiki/Shuttle%E2%80%93UM
Q7525432,o-9zep-siouxareametro,operator,Sioux Area Metro,f-9zep-siouxareametro~sd~us;f-9zep-siouxareametro~sd~us~rt,https://en.wikipedia.org/wiki/Sioux_Area_Metro
Q7525465,o-9ze3-siouxcitytransitsystem,operator,Sioux City Transit System,f-9ze3-755,https://en.wikipedia.org/wiki/Sioux_City_Transit
Q7562166,o-9qb-sonomamarinarearailtransit,operator,Sonoma Marin Area Rail Transit,f-sf~bay~area~rg;f-sf~bay~area~rg~rt;f-smart~ca~us,https://en.wikipedia.org/wiki/Sonoma%E2%80%93Marin_Area_Rail_Transit
Q7562177,o-9qb-sonomacountytransit,operator,Sonoma County Transit,f-9qb-sonomacounty~ca~us;f-sf~bay~area~rg;f-sf~bay~area~rg~rt,https://en.wikipedia.org/wiki/Sonoma_County_Transit
Q7565318,o-r1f-adelaidemetrosouthlink,operator,Adelaide Metro (SouthLink),f-r1f-adelaidemetrocomau;f-r1f-adelaidemetrocomau~rt,https://en.wikipedia.org/wiki/SouthLink
Q7565334,o-9zvx-southwesttransit,operator,SouthWest Transit,f-9zv-twin~cities~minnesota;f-twin~cities~minnesota~rt,https://en.wikipedia.org/wiki/SouthWest_Transit
Q7566310,o-sb~transpo~in~us,operator,South Bend Public Transportation Corporation,f-sb~transpo~in~us;f-sb~transpo~in~us~rt,https://en.wikipedia.org/wiki/South_Bend_Transpo
Q7566833,o-c20c-southclackamastransportationdistrict,operator,South Clackamas Transportation District,f-c20c-sctd~or~us,https://en.wikipedia.org/wiki/South_Clackamas_Transportation_District
Q7567940,o-c20-wilsonville~or~us,operator,South Metro Area Regional Transit,f-c20-wilsonville~or~us;f-southmetroarearegionaltransit~rt,https://en.wikipedia.org/wiki/South_Metro_Area_Regional_Transit
Q7568609,o-9qft-tahoetransportationdistrict,operator,Tahoe Transportation District,f-tahoe~ca~rt;f-tahoe~ca~rt~alerts;f-tahoe~ca~us,https://en.wikipedia.org/wiki/Tahoe_Transportation_District
Q7569291,o-drkg-southeastareatransitdistrict,operator,Southeast Area Transit District,f-drkg-seatbus~ct~us,https://en.wikipedia.org/wiki/Southeast_Area_Transit
Q7569500,o-drmm-southeasternregionaltransitauthority,operator,Southeastern Regional Transit Authority,f-drmm-southeasternregionaltransitauthority,https://en.wikipedia.org/wiki/Southeastern_Regional_Transit_Authority
Q7571329,o-dngy-southwestohioregionaltransitauthority,operator,Southwest Ohio Regional Transit Authority,f-cincinnatimetro~rt;f-dngy-southwestohioregionaltransitauthority,https://en.wikipedia.org/wiki/Southwest_Ohio_Regional_Transit_Authority
Q7572299,o-djn-spacecoastareatransit,operator,Space Coast Area Transit,f-djn-spacecoast~fl~us,https://en.wikipedia.org/wiki/Space_Coast_Area_Transit
Q7578886,o-c2kx-spokanetransitauthority,operator,Spokane Transit Authority,f-c2kx-spokanetransitauthority;f-spokanetransitauthority~rt,https://en.wikipedia.org/wiki/Spokane_Transit_Authority
Q7580990,o-dp04-smtd,operator,Sangamon Mass Transit District,f-dp04-smtd;f-dp04-smtd~rt,https://en.wikipedia.org/wiki/Sangamon_Mass_Transit_District
Q7587631,o-st~cloud~metropolitan~transit~commission,operator,St. Cloud Metropolitan Transit Commission,f-st~cloud~metropolitan~transit~commission,https://en.wikipedia.org/wiki/St._Cloud_Metropolitan_Transit_Commission
Q7598772,o-9q9h-stanford~marguerite,operator,Stanford Marguerite Shuttle,f-9q9h-stanford~marguerite,https://en.wikipedia.org/wiki/Stanford_Marguerite_Shuttle
Q7600550,o-djkj-starmetro,operator,StarMetro,f-djkj-starmetro,https://en.wikipedia.org/wiki/StarMetro_%28bus_service%29
Q7600574,o-9z70-lincolnstartran,operator,StarTran,f-9z70-lincolnstartran;f-9z70-lincolnstartran~rt,https://en.wikipedia.org/wiki/StarTran
Q7601948,o-dpq-sarta,operator,Stark Area Regional Transit Authority,f-stark~area~regional~transit~authority;f-stark~area~regional~transit~authority~rt,https://en.wikipedia.org/wiki/Stark_Area_Regional_Transit_Authority
Q7606736,o-c22u3-piercecountyferries,operator,Pierce County Ferries,f-piercecountyferries~wa~us;f-piercecountyferries~wa~us~rt,https://en.wikipedia.org/wiki/Steilacoom%E2%80%93Anderson_Island_ferry
Q7632360,o-dps-smart,operator,Suburban Mobility Authority for Regional Transit,f-dps-smart;f-smart~mi~rt;f-smart~mi~rt~alerts,https://en.wikipedia.org/wiki/Suburban_Mobility_Authority_for_Regional_Transportation
Q7632391,o-suburban~transit~corporation,operator,Coach Suburban Transit Corporation,f-megabus~us,https://en.wikipedia.org/wiki/Suburban_Transit
Q763309,o-c23nb-cityofseattle,operator,City of Seattle,f-c23-metrokingcounty;f-kingcountymetro~rt,https://en.wikipedia.org/wiki/Seattle_Streetcar
Q7634561,o-drk-ny~suffolkcountytransit,operator,Suffolk County Transit,f-drk-ny~suffolkcountytransit;f-drk-ny~suffolkcountytransit~rt,https://en.wikipedia.org/wiki/Suffolk_County_Transit
Q7638150,o-9qj-sunlinetransitagency,operator,SunLine Transit Agency,f-9qj-sunlinetransitagency;f-9qj-sunlinetransitagency~rt,https://en.wikipedia.org/wiki/SunLine_Transit_Agency
Q7638408,o-9tsk-sunmetro,operator,Sun Metro,f-9tsk-sunmetro,https://en.wikipedia.org/wiki/Sun_Metro
Q7638551,o-9t9-suntran,operator,Sun Tran,f-9t9-suntran;f-9t9-suntran~rt,https://en.wikipedia.org/wiki/Sun_Tran
Q7641258,o-c0p-sunsetempiretransportationdistrict,operator,Sunset Empire Transportation District,f-c0p-sunsetempiretransportationdistrict;f-clatsopcounty~or~us~flex;f-sunsetempiretransportationdistrict~rt,https://en.wikipedia.org/wiki/Sunset_Empire_Transportation_District
Q7660181,o-r3g-sydneytrains,operator,Sydney Trains,f-nsw~trains;f-nsw~trains~rt;f-r6-nswtrainlink~sydneytrains~buswayswesternsydney~interlinebus,https://en.wikipedia.org/wiki/Sydney_Trains
Q766647,o-9qh-metrolinktrains,operator,Metrolink,f-9qh-metrolinktrains;f-metrolinktrains~rt,https://en.wikipedia.org/wiki/Metrolink_%28California%29
Q7670246,o-djj6-hernandobus,operator,Hernando County Transit,f-djj6-thehernandoexpress~fl~us,https://en.wikipedia.org/wiki/Hernando_County_Transit_%28TheBus%29
Q7675024,o-taft~ca~us,operator,Taft Area Transit,f-taft~ca~us,https://en.wikipedia.org/wiki/Taft_Area_Transit
Q7684999,o-dq2s-tarrivertransit,operator,Tar River Transit,f-dq2s-tarriver~nc~us,https://en.wikipedia.org/wiki/Tar_River_Transit
Q7703361,o-dp1b-terrehautetransit,operator,Terre Haute Transit,f-dp1b-terrehautetransit~in~us,https://en.wikipedia.org/wiki/Terre_Haute_Transit
Q7707353,o-texarkana~urban~transit~district,operator,Texarkana Urban Transit District,f-texarkana~urban~transit~district,https://en.wikipedia.org/wiki/Texarkana_Urban_Transit_District
Q7711627,o-87z-thebus,operator,TheBus,f-87z-thebus;f-thebus~hi~rt,https://en.wikipedia.org/wiki/TheBus_%28Honolulu%29
Q7711628,o-dqc-thebusofprincegeorgescounty,operator,Prince George's County,f-dqc-thebusofprincegeorgescounty;f-dqc-thebusofprincegeorgescounty~rt,https://en.wikipedia.org/wiki/GoPGC
Q771666,o-r3gx2-sydneylightrail,operator,Sydney Lightrail,f-nsw~lightrail~rt;f-r6-nswtrainlink~sydneytrains~buswayswesternsydney~interlinebus,https://en.wikipedia.org/wiki/Light_rail_in_Sydney
Q7723378,o-dnh01-cliffshuttles~emoryuniversity,operator,Emory University,f-dnh01-cliffshuttles~emoryuniversity,https://en.wikipedia.org/wiki/The_Cliff_%28Emory%29
Q7743801,o-9zx9-thejule,operator,The Jule,f-9zx9-thejule,https://en.wikipedia.org/wiki/The_Jule
Q7744015,o-87yt-countyofkauai~transportationagency,operator,County of Kaua'i - Transportation Agency,f-countyofkauai~transportationagency~rt;f-kauai,https://en.wikipedia.org/wiki/The_Kaua%CA%BBi_Bus
Q7761946,o-jackson~wy~us,operator,Southern Teton Area Rapid Transit,f-jackson~wy~us;f-jackson~wy~us~rt,https://en.wikipedia.org/wiki/START_Bus
Q7779123,o-9qc7-yolobusyolocounty,operator,Yolo County Transportation District,f-9qc7-yolobusyolocounty;f-9qc7-yolobusyolocounty~rt,https://en.wikipedia.org/wiki/Yolobus
Q7797062,o-9q56-thousandoakstransit,operator,Thousand Oaks Transit,f-9q5-govcbus,https://en.wikipedia.org/wiki/Thousand_Oaks_Transit
Q7802245,o-9r8m-u~trans,operator,U-Trans,f-9r8m-umpquatransit~or~us,https://en.wikipedia.org/wiki/Tillamook_County_Transportation_District
Q7802245,o-c0p-tillamookcountytransportationdistrict,operator,Tillamook County Transportation District,f-c20-tillamook~or~us;f-c20-tillamook~or~us~rt~alerts;f-tillamookcounty~or~us~flex,https://en.wikipedia.org/wiki/Tillamook_County_Transportation_District
Q7814150,o-dpks-toledoarearegionaltransitauthority,operator,Toledo Area Regional Transit Authority,f-toledo~area~regional~transit~authority;f-toledo~area~regional~transit~authority~rt,https://en.wikipedia.org/wiki/Toledo_Area_Regional_Transit_Authority
Q7820360,o-dr997-tompkinsconsolidatedareatransit,operator,Tompkins Consolidated Area Transit,f-dr997-tompkinsconsolidatedareatransit;f-tompkinsconsolidatedareatransit~rt,https://en.wikipedia.org/wiki/Tompkins_Consolidated_Area_Transit
Q7824819,o-9ygy-topekametro,operator,Topeka Metro,f-topeka~metro,https://en.wikipedia.org/wiki/Topeka_Metro
Q7826932,o-9q5b-torrancetransit,operator,Torrance Transit,f-9q5b-torrancetransit;f-torrancetransit~rt,https://en.wikipedia.org/wiki/Torrance_Transit
Q7829885,o-mid~county~transit~authority,operator,Mid-County Transit Authority,f-mid~county~transit~authority;f-mid~county~transit~authority~rt,https://en.wikipedia.org/wiki/Town_%26_Country_Transit
Q7831176,o-9q9ws-tracer,operator,City of Tracy,f-tracy~tracer;f-tracy~tracer~rt,https://en.wikipedia.org/wiki/Tracer_%28bus%29
Q7833621,o-dr0b-transitservicesoffrederickcounty,operator,TransIT Services of Frederick County,f-dr0b-transitservicesoffrederickcounty;f-dr0b-transitservicesoffrederickcounty~rt;f-dr0b-transitservicesoffrederickcounty~rt~alerts,https://en.wikipedia.org/wiki/Transit_%28Frederick_County%29
Q7833625,o-r-translink,operator,Translink,f-qconnect~magnetic~island;f-qconnect~maryborough~hervey~bay;f-qconnect~maryborough~hervey~bay~rt;f-qconnect~north~stradbroke~island;f-qconnect~north~stradbroke~island~rt;f-qconnect~rockhampton~yeppoon;f-qconnect~toowoomba;f-qconnect~warwick;f-r7g8-qconnect~buslink;f-r7h-translink;f-r7h-translink~rt;f-r7hw-qconnect~kilcoy;f-r7hx-translinkcomau;f-r7ke-qconnect~gympie;f-r7s6-qconnect~duffys~stewarts;f-rhzu-qconnect~transnorth;f-rhzu-qconnect~transnorth~rt;f-rhzx-translink~cairns;f-rhzx-translink~cairns~rt;f-rk3qj-qconnect~bowen;f-rk3qj-qconnect~bowen~rt;f-rk3s-qconnect~whitsundaytransit;f-rk86-qconnect~sunbus;f-translink~mackay;f-translink~magnetic~island~ferry,https://en.wikipedia.org/wiki/Translink_%28Queensland%29
Q7834201,o-9xj-transfortcityoffortcollins,operator,Transfort,f-9xj-transfortcityoffortcollins;f-transfort~co~us~flex,https://en.wikipedia.org/wiki/Transfort
Q7834339,o-dngy-transitauthorityofnorthernkentucky,operator,Transit Authority of Northern Kentucky,f-dngy-transitauthorityofnorthernkentucky;f-dngy-transitauthorityofnorthernkentucky~rt,https://en.wikipedia.org/wiki/Transit_Authority_of_Northern_Kentucky
Q7834923,o-r3g-statetransitsydney,operator,Transport for New South Wales,f-nsw~buses~rt;f-r6-nswtrainlink~sydneytrains~buswayswesternsydney~interlinebus,https://en.wikipedia.org/wiki/Transport_for_NSW
Q7835144,o-rockland~ny~us,operator,Transport of Rockland,f-rockland~ny~us,https://en.wikipedia.org/wiki/Transport_of_Rockland
Q7839840,o-9qc2-trideltatransit,operator,Tri Delta Transit,f-9qc2-trideltatransit;f-sf~bay~area~rg;f-sf~bay~area~rg~rt,https://en.wikipedia.org/wiki/Tri_Delta_Transit
Q7840091,o-dnr-gotriangle,operator,Research Triangle Regional Public Transportation Authority,f-dnr-tta~regionalbus~nc~us;f-dnr-tta~regionalbus~nc~us~rt,https://en.wikipedia.org/wiki/GoTriangle
Q7842993,o-9r0-trinitytransit,operator,Trinity Transit,f-9r0-trinity~ca~us,https://en.wikipedia.org/wiki/Trinity_Transit
Q7858107,o-twincitiesareatransportationauthority~mi~us,operator,Twin Cities Area Transportation Authority,f-twincitiesareatransportationauthority~mi~us,https://en.wikipedia.org/wiki/Twin_Cities_Area_Transportation_Authority
Q7858323,o-twintransit~wa~us,operator,Twin Transit,f-twintransit~wa~us,https://en.wikipedia.org/wiki/Lewis_County_Transit
Q7864605,o-dnh9n-universityofgeorgia,operator,University of Georgia,f-uga~ga~us;f-uga~ga~us~rt,https://en.wikipedia.org/wiki/UGA_Campus_Transit
Q7879947,o-dr7-ulstercountyareatransit,operator,Ulster County Area Transit,f-dr7-ulstercountyareatransit,https://en.wikipedia.org/wiki/Ulster_County_Area_Transit
Q7884629,o-u4-unibuss,operator,Unibuss,f-entur~rt;f-u4-ruter~flybussen~stfoldkollektivtrafikk~hedmarktrafikk~oppla,https://en.wikipedia.org/wiki/Unibuss
Q7885556,o-9q9jy-unioncitytransit,operator,Union City Transit,f-9q9jy-unioncitytransit;f-sf~bay~area~rg;f-sf~bay~area~rg~rt,https://en.wikipedia.org/wiki/Union_City_Transit
Q7893703,o-9qc7-unitransdavis,operator,Unitrans,f-9qc7-unitransdavis,https://en.wikipedia.org/wiki/Unitrans
Q7895789,o-9zvxy-universityofminnesota,operator,University of Minnesota,f-9zv-twin~cities~minnesota;f-twin~cities~minnesota~rt,https://en.wikipedia.org/wiki/University_of_Minnesota_Campus_Shuttle
Q7902494,o-9x0-utahtransitauthority,operator,Utah Transit Authority,f-9x0-uta;f-9x0-uta~rt,https://en.wikipedia.org/wiki/Utah_Transit_Authority
Q7906973,o-9v1z-viametropolitantransit,operator,VIA Metropolitan Transit,f-9v1z-viametropolitantransit;f-via~rt,https://en.wikipedia.org/wiki/VIA_Metropolitan_Transit
Q7907027,o-9qc-vinenapacounty,operator,Napa Valley Transportation Authority (NVTA),f-9qc-vinenapacounty;f-sf~bay~area~rg;f-sf~bay~area~rg~rt,https://en.wikipedia.org/wiki/VINE_Transit
Q7907915,o-9qc60-vacavillecitycoach,operator,Vacaville City Coach,f-9qc60-vacavillecitycoach;f-sf~bay~area~rg,https://en.wikipedia.org/wiki/Vacaville_City_Coach
Q791050,o-u-avinor,operator,Avinor,f-entur~rt;f-u4-ruter~flybussen~stfoldkollektivtrafikk~hedmarktrafikk~oppla,https://en.wikipedia.org/wiki/Avinor
Q7912141,o-dnx5-valleymetroroanoke,operator,Valley Metro Roanoke,f-dnx-roanoke~va~us;f-dnx-roanoke~va~us~rt,https://en.wikipedia.org/wiki/Valley_Metro_%28Roanoke%29
Q7912187,o-9rv2-valleyride,operator,Valley Regional Transit,f-9rv2-valleyride;f-valleyride~rt,https://en.wikipedia.org/wiki/Valley_Regional_Transit
Q7912245,o-dpc5-valleytransit,operator,Valley Transit,f-dpc5-valleytransit;f-dpc5-valleytransit~rt,https://en.wikipedia.org/wiki/Valley_Transit_%28Wisconsin%29
Q7920384,o-9q5-venturacountytransportationcommission,operator,Ventura County Transportation Commission,f-9q5-govcbus;f-9q5-govcbus~rt;f-9q5-vctc~ca~us,https://en.wikipedia.org/wiki/VCTC_Intercity
Q7926418,o-9qh-victorvalleytransitauthority,operator,Victor Valley Transit Authority,f-9qh-victorville~ca~us,https://en.wikipedia.org/wiki/Victor_Valley_Transit_Authority
Q7941092,o-djn-votran,operator,Votran,f-djn-votran;f-votran~rt,https://en.wikipedia.org/wiki/Votran
Q794585,o-tram,operator,Tramvia Metropolità,f-tram~tbs;f-tram~tbx,https://en.wikipedia.org/wiki/TramMet
Q7950139,o-9q9q-wheelsbus,operator,Livermore Amador Valley Transit Authority (LAVTA),f-9q9q-wheelsbus;f-sf~bay~area~rg;f-sf~bay~area~rg~rt,https://en.wikipedia.org/wiki/Wheels_%28bus_service%29
Q7959804,o-c20q82-wahkiakumferry,operator,Wahkiakum Ferry,f-wahkiakumferry~or~us,https://en.wikipedia.org/wiki/Wahkiakum_County_ferry
Q7975163,o-dp9k-waukeshacountytransit,operator,Waukesha County Transit,f-dp9k-waukeshacounty~wi~us;f-dp9k-waukeshacounty~wi~us~rt;f-megabus~us,https://en.wikipedia.org/wiki/Waukesha_Metro_Transit
Q7984179,o-9qc-westcatwesterncontracosta,operator,Western Contra Costa Area Transit,f-9qc-westcat~ca~us;f-sf~bay~area~rg;f-sf~bay~area~rg~rt,https://en.wikipedia.org/wiki/WestCAT
Q7988244,o-dpq9-westernreservetransitauthority,operator,Western Reserve Transit Authority,f-western~reserve~transit~authority;f-western~reserve~transit~authority~rt,https://en.wikipedia.org/wiki/Western_Reserve_Transit_Authority
Q7991690,o-c28-whatcomtransportationauthority,operator,Whatcom Transportation Authority,f-c28-whatcomtransportationauthority;f-whatcomtransportationauthority~rt,https://en.wikipedia.org/wiki/Whatcom_Transportation_Authority
Q7998172,o-9ydy-wichitatransit,operator,Wichita Transit,f-9ydy-wichitatransit;f-9ydy-wichitatransit~rt,https://en.wikipedia.org/wiki/Wichita_Transit
Q8021156,o-dq9k-wata,operator,Williamsburg Area Transit Authority,f-dq9k-wata;f-dq9k-wata~rt;f-wata~rt;f-williamsburg~va~us~flex,https://en.wikipedia.org/wiki/Williamsburg_Area_Transit_Authority
Q8027140,o-dpc-wisconsincoachlines,operator,Wisconsin Coach Lines,f-9-amtrak~amtrakcalifornia~amtrakcharteredvehicle;f-utel~uiuc~intercity~bus,https://en.wikipedia.org/wiki/Wisconsin_Coach_Lines
Q8030170,o-dq259-ncsuwolfline,operator,North Carolina State University,f-dq259-ncsu~wolfline~nc~us;f-dq259-ncsu~wolfline~nc~us~rt,https://en.wikipedia.org/wiki/Wolfline
Q8034217,o-drsb-wrta,operator,Worcester Regional Transit Authority,f-drsb-wrta;f-drsb-wrta~rt,https://en.wikipedia.org/wiki/Worcester_Regional_Transit_Authority
Q8047098,o-c26-yakimatransit,operator,Yakima Transit,f-c26-yakimatransit;f-c26-yakimatransit~rt,https://en.wikipedia.org/wiki/Yakima_Transit
Q8055918,o-9qd-yosemitearearegionaltransportationsystem,operator,Yosemite Area Regional Transportation System,f-9qd-yosemite~ca~us,https://en.wikipedia.org/wiki/Yosemite_Area_Regional_Transportation_System
Q8060099,o-9qc-yuba~suttertransit,operator,Yuba-Sutter Transit,f-9qc-yubasutter~ca~us;f-9qc-yubasutter~ca~us~rt,https://en.wikipedia.org/wiki/Yuba-Sutter_Transit
Q8061031,o-9my-ycat,operator,Yuma County Area Transit,f-9my-ycat,https://en.wikipedia.org/wiki/Yuma_County_Area_Transit
Q8079265,o-u4x-østfoldkollektivtrafikk,operator,Østfold kollektivtrafikk,f-entur~rt;f-u4-ruter~flybussen~stfoldkollektivtrafikk~hedmarktrafikk~oppla,https://en.wikipedia.org/wiki/%C3%98stfold_Kollektivtrafikk
Q81123,o-eyc-cp,operator,Comboios de Portugal,f-eyc-cp,https://en.wikipedia.org/wiki/Comboios_de_Portugal
Q8227578,o-sry-cityofbelgradesecretariatforpublictransport,operator,City of Belgrade Secretariat for Public Transport,f-sry-cityofbelgradesecretariatforpublictransport,https://en.wikipedia.org/wiki/GSP_Belgrade
Q8301325,o-u6-sjab,operator,SJ,f-entur~rt;f-u4-ruter~flybussen~stfoldkollektivtrafikk~hedmarktrafikk~oppla,https://en.wikipedia.org/wiki/SJ_AB
Q83819,o-fgc~cat,operator,Ferrocarrils de la Generalitat de Catalunya,f-fgc~cat,https://en.wikipedia.org/wiki/Ferrocarrils_de_la_Generalitat_de_Catalunya
Q83825,o-u4-vy,operator,Vy,f-entur~rt;f-u4-ruter~flybussen~stfoldkollektivtrafikk~hedmarktrafikk~oppla,https://en.wikipedia.org/wiki/Vy
Q838725,o-u7-hurtigruten,operator,Hurtigruten,f-entur~rt;f-u4-ruter~flybussen~stfoldkollektivtrafikk~hedmarktrafikk~oppla,https://en.wikipedia.org/wiki/Hurtigruten_%28company%29
Q85749670,o-9x-bustang,operator,Bustang Outrider,f-9x-bustang~co~us,https://en.wikipedia.org/wiki/Bustang
Q85750789,o-dr1-carrolltransitsystem,operator,Carroll Transit System,f-dr10-carrolltransitsystem~carrollareatransitsystemcats,https://en.wikipedia.org/wiki/Carroll_Transit_System
Q85793712,o-drm-plymouth~brocktonstreetrailwayco,operator,Plymouth & Brockton Street Railway Company,f-drm-plymouthbrockton~ma~us;f-utel~uiuc~intercity~bus,
Q86664442,o-agglobus~cavem~fr,operator,Agglobus Cavem,f-agglobus~cavem~fr;f-agglobus~cavem~fr~rt,
Q8688,o-9q8yn-sanfranciscointernationalairport,operator,San Francisco International Airport,f-sfo~airtrain~shuttles;f-sf~bay~area~rg,https://en.wikipedia.org/wiki/San_Francisco_International_Airport
Q8700,o-u05-tcl~systral,operator,Transports en Commun Lyonnais,f-u05-tcl~systral,https://en.wikipedia.org/wiki/TCL_%28public_transport%29
Q903625,o-u3-öresundståg,operator,Öresundståg,f-entur~rt;f-u4-ruter~flybussen~stfoldkollektivtrafikk~hedmarktrafikk~oppla,https://en.wikipedia.org/wiki/%C3%98resundst%C3%A5g
Q913314,o-metro~de~santiago,operator,Metro de Santiago,f-66jc-transantiago~metrodesantiago,https://en.wikipedia.org/wiki/Santiago_Metro
Q928178,o-u680-västtrafikab,operator,Västtrafik AB,f-entur~rt;f-u4-ruter~flybussen~stfoldkollektivtrafikk~hedmarktrafikk~oppla,https://en.wikipedia.org/wiki/V%C3%A4sttrafik
Q93090957,o-u-sncf,operator,Société nationale des chemins de fer français Voyageurs,f-sncf~fr;f-sncf~fr~rt;f-spez-paysdaixmobilite,https://en.wikipedia.org/wiki/SNCF_Voyageurs
Q935072,o-lasvegasmonorail~nv~us,operator,Las Vegas Monorail,f-lasvegasmonorail~nv~us,https://en.wikipedia.org/wiki/Las_Vegas_Monorail
Q94895,o-dqcqz-bwithurgoodmarshallairport,operator,BWI Thurgood Marshall Airport,f-dqcqz-bwithurgoodmarshallairport,https://en.wikipedia.org/wiki/Baltimore/Washington_International_Airport
Q954223,o-66jc-redmetropolitanademovilidad,operator,Red Metropolitana de Movilidad,f-66jc-transantiago~metrodesantiago,https://en.wikipedia.org/wiki/Red_Metropolitana_de_Movilidad
Q9556020,o-6g-artesp,operator,Agência de Transporte do Estado de São Paulo,f-6g-artesp,
Q96373720,o-9prb9-bluelakerancheriatransitsystem,operator,Blue Lake Rancheria Transit System,f-9pp-humboldtcounty~ca~us;f-9pp-humboldtcounty~ca~us~rt~alerts,https://en.wikipedia.org/wiki/Blue_Lake_Rancheria_Transit_System
Q96375303,o-c21-columbiaareatransit,operator,Columbia Area Transit,f-c21-hoodriver~or~us,https://en.wikipedia.org/wiki/Columbia_Area_Transit
Q96401429,o-9pr-redwoodcoasttransit,operator,Redwood Coast Transit,f-9pr-delnorte~ca~us;f-redwood~coast~del~norte~flex;f-redwood~coast~transit~rt;f-redwood~coast~transit~rt~alerts,https://en.wikipedia.org/wiki/Redwood_Coast_Transit
Q96406074,o-9qc-southcountytransitlink,operator,South County Transit Link,f-southcountytransitlink~ca~us,https://en.wikipedia.org/wiki/South_County_Transit
Q966621,o-ge2kx-straeto,operator,Strætó bs,f-ge2kx-straeto,https://en.wikipedia.org/wiki/Str%C3%A6t%C3%B3
Q969813,o-ontario~northland~ca,operator,Ontario Northland,f-ontario~northland~ca;f-ontario~northland~ca~rt,https://en.wikipedia.org/wiki/Ontario_Northland
Q97175900,o-lila~presquile~fr,operator,Lila Presqu'île,f-lila~presquile~fr;f-lila~presquile~fr~rt,
Q97178658,o-cmonbus~cavaillon~fr,operator,C'mon Bus,f-cmonbus~cavaillon~fr;f-cmonbus~cavaillon~fr~rt,
Q97183354,o-tus~soissons~fr,operator,TUS,f-tus~soissons~fr,
Q98398260,o-u4u9-fjordtours,operator,Fjord Tours,f-entur~rt;f-u4-ruter~flybussen~stfoldkollektivtrafikk~hedmarktrafikk~oppla,
Q99601,o-mobilites~m~fun,operator,Funiculaire de Saint-Hilaire du Touvet,f-mobilites~m~fun,https://en.wikipedia.org/wiki/Funiculaire_de_Saint-Hilaire_du_Touvet
Q99639282,o-u4w-telemarkskanalen,operator,Telemarkskanalen,f-entur~rt;f-u4-ruter~flybussen~stfoldkollektivtrafikk~hedmarktrafikk~oppla,
